# ell TT EE BB TE TB EB
2.000000000000000000e+00 1.032942222825249246e+03 3.469616048106326928e-02 1.625871823953183681e-06 2.787195797224895077e+00 0.000000000000000000e+00 0.000000000000000000e+00
3.000000000000000000e+00 9.773182965416524439e+02 4.717771953291741149e-02 3.248674408711640913e-06 3.193868189456189555e+00 0.000000000000000000e+00 0.000000000000000000e+00
4.000000000000000000e+00 9.241233557705630801e+02 4.357696272048537656e-02 5.411266325299926635e-06 3.055227518713659940e+00 0.000000000000000000e+00 0.000000000000000000e+00
5.000000000000000000e+00 8.839535017061546114e+02 3.109966375372563360e-02 8.115150501849712690e-06 2.650372968207403535e+00 0.000000000000000000e+00 0.000000000000000000e+00
6.000000000000000000e+00 8.562145568234844859e+02 1.838724259828178331e-02 1.136187878882814510e-05 2.169756560111413268e+00 0.000000000000000000e+00 0.000000000000000000e+00
7.000000000000000000e+00 8.382943198616217160e+02 9.975587970337308069e-03 1.515182781656000019e-05 1.722013189419727919e+00 0.000000000000000000e+00 0.000000000000000000e+00
8.000000000000000000e+00 8.271760101210941230e+02 6.019864908681433688e-03 1.948600252086641910e-05 1.360086828430259853e+00 0.000000000000000000e+00 0.000000000000000000e+00
9.000000000000000000e+00 8.223287216206324501e+02 4.617705078075958619e-03 2.436507385203839123e-05 1.102736529009710864e+00 0.000000000000000000e+00 0.000000000000000000e+00
1.000000000000000000e+01 8.209757726212656053e+02 4.012862552831309229e-03 2.979108089088131409e-05 9.439919198977190229e-01 0.000000000000000000e+00 0.000000000000000000e+00
1.100000000000000000e+01 8.223898920792435092e+02 3.453441448180551501e-03 3.576646673763860570e-05 8.694870730936179459e-01 0.000000000000000000e+00 0.000000000000000000e+00
1.200000000000000000e+01 8.270474273748739051e+02 2.947186043611841211e-03 4.229185323948920664e-05 8.583379935804805738e-01 0.000000000000000000e+00 0.000000000000000000e+00
1.300000000000000000e+01 8.334547088625515698e+02 2.678499558515178101e-03 4.936794146772052538e-05 8.878585310229486494e-01 0.000000000000000000e+00 0.000000000000000000e+00
1.400000000000000000e+01 8.408526689257912494e+02 2.679554460074493050e-03 5.699466675811140675e-05 9.391622222117687047e-01 0.000000000000000000e+00 0.000000000000000000e+00
1.500000000000000000e+01 8.493756699664902499e+02 2.844953654895999735e-03 6.517444109482198702e-05 9.993954378011971063e-01 0.000000000000000000e+00 0.000000000000000000e+00
1.600000000000000000e+01 8.593033587611896564e+02 3.074071070257912604e-03 7.390995336061522444e-05 1.062032612741482529e+00 0.000000000000000000e+00 0.000000000000000000e+00
1.700000000000000000e+01 8.703065387765285550e+02 3.382448534880177615e-03 8.320377808479495485e-05 1.122574081211323627e+00 0.000000000000000000e+00 0.000000000000000000e+00
1.800000000000000000e+01 8.816378857594569354e+02 3.814122817259160605e-03 9.305696992929548823e-05 1.180185603969373442e+00 0.000000000000000000e+00 0.000000000000000000e+00
1.900000000000000000e+01 8.944035476312645869e+02 4.416931837022014008e-03 1.034711936213116371e-04 1.241309306553866287e+00 0.000000000000000000e+00 0.000000000000000000e+00
2.000000000000000000e+01 9.072329212415510256e+02 5.208585784512558166e-03 1.144460436310475545e-04 1.303783692112738812e+00 0.000000000000000000e+00 0.000000000000000000e+00
2.100000000000000000e+01 9.206872203607006213e+02 6.162904992728522949e-03 1.259837608626682018e-04 1.370670518751483158e+00 0.000000000000000000e+00 0.000000000000000000e+00
2.200000000000000000e+01 9.346061272395919559e+02 7.264466182868458029e-03 1.380851115422307234e-04 1.440664095734245143e+00 0.000000000000000000e+00 0.000000000000000000e+00
2.300000000000000000e+01 9.485825316395535083e+02 8.512467279121161204e-03 1.507522895880019438e-04 1.513289148323579747e+00 0.000000000000000000e+00 0.000000000000000000e+00
2.400000000000000000e+01 9.629592754121824782e+02 9.913757005272845133e-03 1.639868799746890891e-04 1.587616198775262610e+00 0.000000000000000000e+00 0.000000000000000000e+00
2.500000000000000000e+01 9.779032055043832088e+02 1.146025750523871171e-02 1.777903614625877160e-04 1.655612323606823866e+00 0.000000000000000000e+00 0.000000000000000000e+00
2.600000000000000000e+01 9.929434185475399772e+02 1.314977481242847641e-02 1.921637817944109978e-04 1.719727021906388265e+00 0.000000000000000000e+00 0.000000000000000000e+00
2.700000000000000000e+01 1.008443307868493548e+03 1.499394582102702225e-02 2.071085320919850118e-04 1.778493659745341349e+00 0.000000000000000000e+00 0.000000000000000000e+00
2.800000000000000000e+01 1.024194344020452036e+03 1.698941816011059758e-02 2.226253832447760604e-04 1.825235652276817166e+00 0.000000000000000000e+00 0.000000000000000000e+00
2.900000000000000000e+01 1.040171544414729851e+03 1.915775381493537571e-02 2.387152474945836318e-04 1.865585087490334804e+00 0.000000000000000000e+00 0.000000000000000000e+00
3.000000000000000000e+01 1.056617456365588851e+03 2.152328507488257200e-02 2.553792856438815090e-04 1.893631432217407928e+00 0.000000000000000000e+00 0.000000000000000000e+00
3.100000000000000000e+01 1.072856587780156133e+03 2.408738199715936348e-02 2.726180333506381397e-04 1.918956730940830635e+00 0.000000000000000000e+00 0.000000000000000000e+00
3.200000000000000000e+01 1.089621545546548987e+03 2.687512691833883124e-02 2.904317058692911977e-04 1.935598255119579392e+00 0.000000000000000000e+00 0.000000000000000000e+00
3.300000000000000000e+01 1.106419982203583913e+03 2.986201661346070055e-02 3.088213654581839279e-04 1.944289328404101180e+00 0.000000000000000000e+00 0.000000000000000000e+00
3.400000000000000000e+01 1.123294578955319139e+03 3.308395056347217256e-02 3.277873222334523346e-04 1.948499430100880447e+00 0.000000000000000000e+00 0.000000000000000000e+00
3.500000000000000000e+01 1.140891026931026090e+03 3.653085818081217712e-02 3.473302646457180156e-04 1.938978435523682320e+00 0.000000000000000000e+00 0.000000000000000000e+00
3.600000000000000000e+01 1.158336609596572316e+03 4.021136942817269549e-02 3.674515770837267006e-04 1.925309469012548291e+00 0.000000000000000000e+00 0.000000000000000000e+00
3.700000000000000000e+01 1.176035271987127999e+03 4.414564648859294754e-02 3.881515484537868257e-04 1.901227856837102381e+00 0.000000000000000000e+00 0.000000000000000000e+00
3.800000000000000000e+01 1.193973612932411015e+03 4.832225541643417333e-02 4.094295408195278868e-04 1.868227001364074935e+00 0.000000000000000000e+00 0.000000000000000000e+00
3.900000000000000000e+01 1.212088708890045154e+03 5.273917586368011279e-02 4.312855102497508732e-04 1.825088613044814734e+00 0.000000000000000000e+00 0.000000000000000000e+00
4.000000000000000000e+01 1.230373783009210456e+03 5.739935890442796756e-02 4.537191491815692761e-04 1.768895719007612222e+00 0.000000000000000000e+00 0.000000000000000000e+00
4.100000000000000000e+01 1.248802367825466717e+03 6.230802705191475915e-02 4.767309174183448220e-04 1.697706770444266100e+00 0.000000000000000000e+00 0.000000000000000000e+00
4.200000000000000000e+01 1.267380109069687251e+03 6.747897159560535540e-02 5.003212070900554679e-04 1.613414615927416973e+00 0.000000000000000000e+00 0.000000000000000000e+00
4.300000000000000000e+01 1.286107550233783968e+03 7.292795822844783116e-02 5.244894081483314832e-04 1.518471360616986621e+00 0.000000000000000000e+00 0.000000000000000000e+00
4.400000000000000000e+01 1.305022568842245846e+03 7.866859677061793787e-02 5.492353710620384317e-04 1.413725215011128578e+00 0.000000000000000000e+00 0.000000000000000000e+00
4.500000000000000000e+01 1.324177623611402623e+03 8.471167520653076488e-02 5.745580538891159042e-04 1.299719913922240178e+00 0.000000000000000000e+00 0.000000000000000000e+00
4.600000000000000000e+01 1.343529837091384024e+03 9.106198831050443809e-02 6.004580765516260438e-04 1.176994980970152760e+00 0.000000000000000000e+00 0.000000000000000000e+00
4.700000000000000000e+01 1.363061931776862366e+03 9.771209979536464585e-02 6.269351776872403694e-04 1.044217149027359737e+00 0.000000000000000000e+00 0.000000000000000000e+00
4.800000000000000000e+01 1.382750248995627089e+03 1.046446485261213893e-01 6.539887443894976202e-04 8.995665219041171223e-01 0.000000000000000000e+00 0.000000000000000000e+00
4.900000000000000000e+01 1.402585801200230890e+03 1.118415322973917297e-01 6.816175594211828018e-04 7.412976881262589579e-01 0.000000000000000000e+00 0.000000000000000000e+00
5.000000000000000000e+01 1.422626620122513714e+03 1.192957849249414171e-01 7.098212569730114659e-04 5.678042580062583333e-01 0.000000000000000000e+00 0.000000000000000000e+00
5.100000000000000000e+01 1.442932977304931683e+03 1.270059979787693250e-01 7.385989182455437617e-04 3.781012268166462631e-01 0.000000000000000000e+00 0.000000000000000000e+00
5.200000000000000000e+01 1.463448970851664399e+03 1.349885335606168524e-01 7.679510095147672362e-04 1.734866959411049681e-01 0.000000000000000000e+00 0.000000000000000000e+00
5.300000000000000000e+01 1.484098745813982077e+03 1.432608544883499091e-01 7.978773435426059343e-04 -4.438035662035430540e-02 0.000000000000000000e+00 0.000000000000000000e+00
5.400000000000000000e+01 1.504858433243591207e+03 1.518411633770029023e-01 8.283768893735225531e-04 -2.746997027672064551e-01 0.000000000000000000e+00 0.000000000000000000e+00
5.500000000000000000e+01 1.525719020191809705e+03 1.607491440011639128e-01 8.594486980014533640e-04 -5.170404500514299562e-01 0.000000000000000000e+00 0.000000000000000000e+00
5.600000000000000000e+01 1.546790436104292667e+03 1.699921418898272529e-01 8.910919041707185450e-04 -7.717200505062291604e-01 0.000000000000000000e+00 0.000000000000000000e+00
5.700000000000000000e+01 1.568183333821585165e+03 1.795548809564884163e-01 9.233058475187354459e-04 -1.039486244798180525e+00 0.000000000000000000e+00 0.000000000000000000e+00
5.800000000000000000e+01 1.589867630402179884e+03 1.894186575726327093e-01 9.560905384716424267e-04 -1.320515557352414771e+00 0.000000000000000000e+00 0.000000000000000000e+00
5.900000000000000000e+01 1.611768607219018577e+03 1.995655122563889938e-01 9.894455359723869532e-04 -1.614697221933573790e+00 0.000000000000000000e+00 0.000000000000000000e+00
6.000000000000000000e+01 1.633878416461461256e+03 2.099700649984100609e-01 1.023370447977086642e-03 -1.921504832049054645e+00 0.000000000000000000e+00 0.000000000000000000e+00
6.100000000000000000e+01 1.656209720337585850e+03 2.206134628655063712e-01 1.057864645821106168e-03 -2.240532897932137946e+00 0.000000000000000000e+00 0.000000000000000000e+00
6.200000000000000000e+01 1.678746044731954271e+03 2.315029528479333187e-01 1.092927507562375423e-03 -2.572215744497480916e+00 0.000000000000000000e+00 0.000000000000000000e+00
6.300000000000000000e+01 1.701476664156080233e+03 2.426530463362318035e-01 1.128558761931869369e-03 -2.917212365167776156e+00 0.000000000000000000e+00 0.000000000000000000e+00
6.400000000000000000e+01 1.724375929429718553e+03 2.540775103391145207e-01 1.164757914969116086e-03 -3.276174208342609528e+00 0.000000000000000000e+00 0.000000000000000000e+00
6.500000000000000000e+01 1.747440557760761067e+03 2.657923349726923901e-01 1.201525010373076258e-03 -3.649811947796087086e+00 0.000000000000000000e+00 0.000000000000000000e+00
6.600000000000000000e+01 1.770689858299144362e+03 2.778021037728443110e-01 1.238859784519049691e-03 -4.038651242520892026e+00 0.000000000000000000e+00 0.000000000000000000e+00
6.700000000000000000e+01 1.794130001212657135e+03 2.900924970954501525e-01 1.276762082472607598e-03 -4.441639594046265849e+00 0.000000000000000000e+00 0.000000000000000000e+00
6.800000000000000000e+01 1.817760096097010774e+03 3.026415034026216366e-01 1.315231485513914918e-03 -4.857324544672563249e+00 0.000000000000000000e+00 0.000000000000000000e+00
6.900000000000000000e+01 1.841571864185283630e+03 3.154293388705856627e-01 1.354267870676086711e-03 -5.284283460870195626e+00 0.000000000000000000e+00 0.000000000000000000e+00
7.000000000000000000e+01 1.865571884491777610e+03 3.284369632247253201e-01 1.393871418041017687e-03 -5.721286763405134757e+00 0.000000000000000000e+00 0.000000000000000000e+00
7.100000000000000000e+01 1.889762938249875788e+03 3.416507598937144063e-01 1.434042488992294312e-03 -6.167642545484178562e+00 0.000000000000000000e+00 0.000000000000000000e+00
7.200000000000000000e+01 1.914236740953974731e+03 3.550691554789771609e-01 1.474781691464068607e-03 -6.624638639912094007e+00 0.000000000000000000e+00 0.000000000000000000e+00
7.300000000000000000e+01 1.939073729308053089e+03 3.686922883188612499e-01 1.516089081740472876e-03 -7.093840546724915264e+00 0.000000000000000000e+00 0.000000000000000000e+00
7.400000000000000000e+01 1.964250545907721744e+03 3.825143608557784458e-01 1.557964940955581037e-03 -7.575745289211370803e+00 0.000000000000000000e+00 0.000000000000000000e+00
7.500000000000000000e+01 1.989736364623877535e+03 3.965288338392535805e-01 1.600409696209454573e-03 -8.070515949188113325e+00 0.000000000000000000e+00 0.000000000000000000e+00
7.600000000000000000e+01 2.015463077889015040e+03 4.107262252657822854e-01 1.643424141263094638e-03 -8.578065912982308916e+00 0.000000000000000000e+00 0.000000000000000000e+00
7.700000000000000000e+01 2.041317133352933979e+03 4.250971516749190715e-01 1.687009390226685982e-03 -9.096775892499767480e+00 0.000000000000000000e+00 0.000000000000000000e+00
7.800000000000000000e+01 2.067303405281641062e+03 4.396300296065978053e-01 1.731166414351410516e-03 -9.625867462015163412e+00 0.000000000000000000e+00 0.000000000000000000e+00
7.900000000000000000e+01 2.093486125717940013e+03 4.543140180390199401e-01 1.775896041413128684e-03 -1.016485889954802069e+01 0.000000000000000000e+00 0.000000000000000000e+00
8.000000000000000000e+01 2.119907181825417410e+03 4.691382769147726117e-01 1.821198966845508169e-03 -1.071341680819222475e+01 0.000000000000000000e+00 0.000000000000000000e+00
8.100000000000000000e+01 2.146607502218414538e+03 4.840915266565851693e-01 1.867077091227476934e-03 -1.127106781914700484e+01 0.000000000000000000e+00 0.000000000000000000e+00
8.200000000000000000e+01 2.173601344584233175e+03 4.991622143637486353e-01 1.913532073863145107e-03 -1.183752022683186844e+01 0.000000000000000000e+00 0.000000000000000000e+00
8.300000000000000000e+01 2.200864832916236992e+03 5.143368650425300670e-01 1.960565524862284328e-03 -1.241271311259907684e+01 0.000000000000000000e+00 0.000000000000000000e+00
8.400000000000000000e+01 2.228396332178714147e+03 5.296027463806802782e-01 2.008178816262827515e-03 -1.299628882410436503e+01 0.000000000000000000e+00 0.000000000000000000e+00
8.500000000000000000e+01 2.256186753240037888e+03 5.449463855297754789e-01 2.056373132024106720e-03 -1.358826050183659362e+01 0.000000000000000000e+00 0.000000000000000000e+00
8.600000000000000000e+01 2.284230895596198025e+03 5.603567735816655793e-01 2.105150487322543507e-03 -1.418818724728425451e+01 0.000000000000000000e+00 0.000000000000000000e+00
8.700000000000000000e+01 2.312494520885906695e+03 5.758208881497952625e-01 2.154513845832416521e-03 -1.479551785781078088e+01 0.000000000000000000e+00 0.000000000000000000e+00
8.800000000000000000e+01 2.340954582786985611e+03 5.913266885258448013e-01 2.204465725381934277e-03 -1.540961797873989525e+01 0.000000000000000000e+00 0.000000000000000000e+00
8.900000000000000000e+01 2.369617731236771760e+03 6.068621344539856244e-01 2.255008679480611719e-03 -1.602992743955497446e+01 0.000000000000000000e+00 0.000000000000000000e+00
9.000000000000000000e+01 2.398483174342443817e+03 6.224107391978613846e-01 2.306144913305268641e-03 -1.665603436402574644e+01 0.000000000000000000e+00 0.000000000000000000e+00
9.100000000000000000e+01 2.427557594688612426e+03 6.379597693685163939e-01 2.357876581107628232e-03 -1.728732471562448936e+01 0.000000000000000000e+00 0.000000000000000000e+00
9.200000000000000000e+01 2.456840635345347891e+03 6.534944508597252399e-01 2.410206456507457511e-03 -1.792356177640424519e+01 0.000000000000000000e+00 0.000000000000000000e+00
9.300000000000000000e+01 2.486346849475822182e+03 6.690000563353961649e-01 2.463137807925177506e-03 -1.856423247645533436e+01 0.000000000000000000e+00 0.000000000000000000e+00
9.400000000000000000e+01 2.516068502144616104e+03 6.844640851734574705e-01 2.516673957312843234e-03 -1.920912026680438345e+01 0.000000000000000000e+00 0.000000000000000000e+00
9.500000000000000000e+01 2.546020210175661759e+03 6.998710723811005785e-01 2.570818883121634302e-03 -1.985771209699507267e+01 0.000000000000000000e+00 0.000000000000000000e+00
9.600000000000000000e+01 2.576194206461691010e+03 7.152070386059683482e-01 2.625575692832639568e-03 -2.050956908547269464e+01 0.000000000000000000e+00 0.000000000000000000e+00
9.700000000000000000e+01 2.606590232290196582e+03 7.304572645862928981e-01 2.680947927379747145e-03 -2.116425234004324452e+01 0.000000000000000000e+00 0.000000000000000000e+00
9.800000000000000000e+01 2.637215379732786459e+03 7.456062925130554353e-01 2.736938970318987877e-03 -2.182132300876787312e+01 0.000000000000000000e+00 0.000000000000000000e+00
9.900000000000000000e+01 2.668047112101238781e+03 7.606401488043624814e-01 2.793552682594733268e-03 -2.248026816290353835e+01 0.000000000000000000e+00 0.000000000000000000e+00
1.000000000000000000e+02 2.699099993727621950e+03 7.755470852066620457e-01 2.850793403646926551e-03 -2.314057490558128549e+01 0.000000000000000000e+00 0.000000000000000000e+00
1.010000000000000000e+02 2.730366288932414591e+03 7.903123925501889246e-01 2.908665436075762254e-03 -2.380173033959018980e+01 0.000000000000000000e+00 0.000000000000000000e+00
1.020000000000000000e+02 2.761845728103545753e+03 8.049139536930079997e-01 2.967173167929157158e-03 -2.446344390286027348e+01 0.000000000000000000e+00 0.000000000000000000e+00
1.030000000000000000e+02 2.793523184498144929e+03 8.193518836556279439e-01 3.026321056683447652e-03 -2.512490638233041196e+01 0.000000000000000000e+00 0.000000000000000000e+00
1.040000000000000000e+02 2.825398363804340988e+03 8.335966615993629647e-01 3.086113627680710063e-03 -2.578575319764406260e+01 0.000000000000000000e+00 0.000000000000000000e+00
1.050000000000000000e+02 2.857463579910982844e+03 8.476409986570931920e-01 3.146555650134509260e-03 -2.644539751987868215e+01 0.000000000000000000e+00 0.000000000000000000e+00
1.060000000000000000e+02 2.889711078875472140e+03 8.614701982097944244e-01 3.207651711934271684e-03 -2.710317850091019665e+01 0.000000000000000000e+00 0.000000000000000000e+00
1.070000000000000000e+02 2.922133234153832291e+03 8.750769745492306129e-01 3.269407131542096442e-03 -2.775865760466535903e+01 0.000000000000000000e+00 0.000000000000000000e+00
1.080000000000000000e+02 2.954714839907016994e+03 8.884392296513742293e-01 3.331826669583409523e-03 -2.841124818237733152e+01 0.000000000000000000e+00 0.000000000000000000e+00
1.090000000000000000e+02 2.987463104492577258e+03 9.015496845679025206e-01 3.394916133942446970e-03 -2.906028958298578502e+01 0.000000000000000000e+00 0.000000000000000000e+00
1.100000000000000000e+02 3.020362847741046608e+03 9.143862488045400028e-01 3.458680452701709887e-03 -2.970534342567001218e+01 0.000000000000000000e+00 0.000000000000000000e+00
1.110000000000000000e+02 3.053406432324327852e+03 9.269416253343919498e-01 3.523124912101681383e-03 -3.034589542012404806e+01 0.000000000000000000e+00 0.000000000000000000e+00
1.120000000000000000e+02 3.086593704807632548e+03 9.392084310957149462e-01 3.588254719910359113e-03 -3.098120157053540780e+01 0.000000000000000000e+00 0.000000000000000000e+00
1.130000000000000000e+02 3.119917155921105859e+03 9.511644528771074913e-01 3.654075645255445981e-03 -3.161088638079332469e+01 0.000000000000000000e+00 0.000000000000000000e+00
1.140000000000000000e+02 3.153369316005364453e+03 9.627948876120780985e-01 3.720593844204221189e-03 -3.223427817580072485e+01 0.000000000000000000e+00 0.000000000000000000e+00
1.150000000000000000e+02 3.186942690504648453e+03 9.740997430598337115e-01 3.787815443623814265e-03 -3.285085347992034599e+01 0.000000000000000000e+00 0.000000000000000000e+00
1.160000000000000000e+02 3.220637156340077127e+03 9.850642223093893923e-01 3.855746044246130370e-03 -3.346008887501959350e+01 0.000000000000000000e+00 0.000000000000000000e+00
1.170000000000000000e+02 3.254445212400700257e+03 9.956661283827801245e-01 3.924391367858028057e-03 -3.406138698569255041e+01 0.000000000000000000e+00 0.000000000000000000e+00
1.180000000000000000e+02 3.288351940970858777e+03 1.005905479897890586e+00 3.993756880419576868e-03 -3.465415053867060635e+01 0.000000000000000000e+00 0.000000000000000000e+00
1.190000000000000000e+02 3.322357215928926507e+03 1.015767489532592549e+00 4.063848655760877136e-03 -3.523793038330297378e+01 0.000000000000000000e+00 0.000000000000000000e+00
1.200000000000000000e+02 3.356453594472760869e+03 1.025244779007875362e+00 4.134673318863641388e-03 -3.581212937187824963e+01 0.000000000000000000e+00 0.000000000000000000e+00
1.210000000000000000e+02 3.390633510563819073e+03 1.034322571634222365e+00 4.206237124671130014e-03 -3.637615046528385676e+01 0.000000000000000000e+00 0.000000000000000000e+00
1.220000000000000000e+02 3.424882135657663639e+03 1.042993495846295637e+00 4.278546680296415813e-03 -3.692954475271893244e+01 0.000000000000000000e+00 0.000000000000000000e+00
1.230000000000000000e+02 3.459199323332182303e+03 1.051250183983033271e+00 4.351607999091660489e-03 -3.747171535864632830e+01 0.000000000000000000e+00 0.000000000000000000e+00
1.240000000000000000e+02 3.493577570007430950e+03 1.059077870911797836e+00 4.425426806216875043e-03 -3.800206554040524765e+01 0.000000000000000000e+00 0.000000000000000000e+00
1.250000000000000000e+02 3.528001956017702014e+03 1.066476597920058556e+00 4.500009217576382385e-03 -3.852014663411862472e+01 0.000000000000000000e+00 0.000000000000000000e+00
1.260000000000000000e+02 3.562472403420439150e+03 1.073431607281443378e+00 4.575361707041177353e-03 -3.902543607395049463e+01 0.000000000000000000e+00 0.000000000000000000e+00
1.270000000000000000e+02 3.596974000099804471e+03 1.079942947396485220e+00 4.651490901900078370e-03 -3.951733739348770058e+01 0.000000000000000000e+00 0.000000000000000000e+00
1.280000000000000000e+02 3.631499279337293046e+03 1.085995870254499618e+00 4.728403348154499100e-03 -3.999540220995549333e+01 0.000000000000000000e+00 0.000000000000000000e+00
1.290000000000000000e+02 3.666048109715006376e+03 1.091590431643120196e+00 4.806105165693221049e-03 -4.045910824537192241e+01 0.000000000000000000e+00 0.000000000000000000e+00
1.300000000000000000e+02 3.700605608010041124e+03 1.096711893255706283e+00 4.884602329057792340e-03 -4.090785936028775183e+01 0.000000000000000000e+00 0.000000000000000000e+00
1.310000000000000000e+02 3.735156966618463684e+03 1.101360327387260751e+00 4.963900969140772231e-03 -4.134120925832575466e+01 0.000000000000000000e+00 0.000000000000000000e+00
1.320000000000000000e+02 3.769710081755612919e+03 1.105535848516708830e+00 5.044007404019257811e-03 -4.175864488214200776e+01 0.000000000000000000e+00 0.000000000000000000e+00
1.330000000000000000e+02 3.804243320683111961e+03 1.109223789584014241e+00 5.124927878413205497e-03 -4.215972904578304536e+01 0.000000000000000000e+00 0.000000000000000000e+00
1.340000000000000000e+02 3.838757284453673037e+03 1.112439075791971543e+00 5.206668599750799604e-03 -4.254387670716085523e+01 0.000000000000000000e+00 0.000000000000000000e+00
1.350000000000000000e+02 3.873237760538636394e+03 1.115159653884675750e+00 5.289235655998452378e-03 -4.291079881416525410e+01 0.000000000000000000e+00 0.000000000000000000e+00
1.360000000000000000e+02 3.907685315534733036e+03 1.117393060661388660e+00 5.372634758425463321e-03 -4.325983662169481647e+01 0.000000000000000000e+00 0.000000000000000000e+00
1.370000000000000000e+02 3.942085752798844624e+03 1.119132042790302428e+00 5.456871954304434377e-03 -4.359055340364601960e+01 0.000000000000000000e+00 0.000000000000000000e+00
1.380000000000000000e+02 3.976432253663003394e+03 1.120384142296760421e+00 5.541953047691097235e-03 -4.390258644074729943e+01 0.000000000000000000e+00 0.000000000000000000e+00
1.390000000000000000e+02 4.010710611876385428e+03 1.121142115319294641e+00 5.627883906657625036e-03 -4.419549919775474223e+01 0.000000000000000000e+00 0.000000000000000000e+00
1.400000000000000000e+02 4.044928805638975518e+03 1.121406116397267061e+00 5.714670187126768761e-03 -4.446885525182491961e+01 0.000000000000000000e+00 0.000000000000000000e+00
1.410000000000000000e+02 4.079065232997140811e+03 1.121191088730447039e+00 5.802317384219187260e-03 -4.472229223555692812e+01 0.000000000000000000e+00 0.000000000000000000e+00
1.420000000000000000e+02 4.113113068658630255e+03 1.120482408578032940e+00 5.890830617314933224e-03 -4.495530003723939672e+01 0.000000000000000000e+00 0.000000000000000000e+00
1.430000000000000000e+02 4.147072904243168523e+03 1.119287635569213624e+00 5.980215281122204171e-03 -4.516759043265313522e+01 0.000000000000000000e+00 0.000000000000000000e+00
1.440000000000000000e+02 4.180923136803420675e+03 1.117614329926645000e+00 6.070476599728470875e-03 -4.535872748135282251e+01 0.000000000000000000e+00 0.000000000000000000e+00
1.450000000000000000e+02 4.214664376212323987e+03 1.115455274774059591e+00 6.161619835551444130e-03 -4.552820147268388951e+01 0.000000000000000000e+00 0.000000000000000000e+00
1.460000000000000000e+02 4.248267620251304834e+03 1.112825427329408479e+00 6.253649680968158611e-03 -4.567579844809100109e+01 0.000000000000000000e+00 0.000000000000000000e+00
1.470000000000000000e+02 4.281726088879726376e+03 1.109732357787524881e+00 6.346570947749576030e-03 -4.580093505194002290e+01 0.000000000000000000e+00 0.000000000000000000e+00
1.480000000000000000e+02 4.315025564853266587e+03 1.106176249529843281e+00 6.440387949667862252e-03 -4.590332370185912936e+01 0.000000000000000000e+00 0.000000000000000000e+00
1.490000000000000000e+02 4.348151873914384851e+03 1.102164680583795686e+00 6.535105241421945189e-03 -4.598252916137414559e+01 0.000000000000000000e+00 0.000000000000000000e+00
1.500000000000000000e+02 4.381090837291969365e+03 1.097705230552455946e+00 6.630727025561598299e-03 -4.603811635064743513e+01 0.000000000000000000e+00 0.000000000000000000e+00
1.510000000000000000e+02 4.413820658169433045e+03 1.092805478322139479e+00 6.727257224034791094e-03 -4.606979627672768629e+01 0.000000000000000000e+00 0.000000000000000000e+00
1.520000000000000000e+02 4.446348270494200733e+03 1.087472990278586460e+00 6.824699486619582346e-03 -4.607727282159905968e+01 0.000000000000000000e+00 0.000000000000000000e+00
1.530000000000000000e+02 4.478658235143311686e+03 1.081722715010862812e+00 6.923057549464247361e-03 -4.606024817914434522e+01 0.000000000000000000e+00 0.000000000000000000e+00
1.540000000000000000e+02 4.510749885844028540e+03 1.075569604776313248e+00 7.022334789753274797e-03 -4.601857239286534451e+01 0.000000000000000000e+00 0.000000000000000000e+00
1.550000000000000000e+02 4.542615184459074044e+03 1.069013842155637883e+00 7.122534607809461425e-03 -4.595187405279641268e+01 0.000000000000000000e+00 0.000000000000000000e+00
1.560000000000000000e+02 4.574260831950929969e+03 1.062077771735728593e+00 7.223659733524700512e-03 -4.586000343391811640e+01 0.000000000000000000e+00 0.000000000000000000e+00
1.570000000000000000e+02 4.605664022339422445e+03 1.054761581584537700e+00 7.325712940476574071e-03 -4.574266324691802765e+01 0.000000000000000000e+00 0.000000000000000000e+00
1.580000000000000000e+02 4.636831457801209581e+03 1.047095001987953689e+00 7.428696498597677292e-03 -4.559963018970803006e+01 0.000000000000000000e+00 0.000000000000000000e+00
1.590000000000000000e+02 4.667747723516703445e+03 1.039078226576219066e+00 7.532612912460576009e-03 -4.543068107709400749e+01 0.000000000000000000e+00 0.000000000000000000e+00
1.600000000000000000e+02 4.698404765925884931e+03 1.030733605555400167e+00 7.637464103742498157e-03 -4.523566668905161947e+01 0.000000000000000000e+00 0.000000000000000000e+00
1.610000000000000000e+02 4.728779785256167997e+03 1.022076103461870833e+00 7.743251920001432281e-03 -4.501429027572429931e+01 0.000000000000000000e+00 0.000000000000000000e+00
1.620000000000000000e+02 4.758864736000819903e+03 1.013120686987947217e+00 7.849977600023932620e-03 -4.476647672742025463e+01 0.000000000000000000e+00 0.000000000000000000e+00
1.630000000000000000e+02 4.788651568993310320e+03 1.003897086488951595e+00 7.957642370099595949e-03 -4.449185577663121904e+01 0.000000000000000000e+00 0.000000000000000000e+00
1.640000000000000000e+02 4.818117503706963362e+03 9.944055115666943223e-01 8.066247094935807826e-03 -4.419042636631649401e+01 0.000000000000000000e+00 0.000000000000000000e+00
1.650000000000000000e+02 4.847261873083100909e+03 9.846683169400207714e-01 8.175792452055224285e-03 -4.386189234807801540e+01 0.000000000000000000e+00 0.000000000000000000e+00
1.660000000000000000e+02 4.876069278409478102e+03 9.747078532688043806e-01 8.286278726231628006e-03 -4.350617912095773931e+01 0.000000000000000000e+00 0.000000000000000000e+00
1.670000000000000000e+02 4.904531682282830843e+03 9.645464721937421215e-01 8.397706088153251633e-03 -4.312313837426655994e+01 0.000000000000000000e+00 0.000000000000000000e+00
1.680000000000000000e+02 4.932641064560134510e+03 9.542065244622603970e-01 8.510074208488763864e-03 -4.271284326475421267e+01 0.000000000000000000e+00 0.000000000000000000e+00
1.690000000000000000e+02 4.960389402160965801e+03 9.437103646057124484e-01 8.623382730569681756e-03 -4.227514575104628136e+01 0.000000000000000000e+00 0.000000000000000000e+00
1.700000000000000000e+02 4.987768672362882171e+03 9.330729662149548354e-01 8.737630682476935778e-03 -4.180997170789953543e+01 0.000000000000000000e+00 0.000000000000000000e+00
1.710000000000000000e+02 5.014763470783764205e+03 9.223240595146554588e-01 8.852816923663832382e-03 -4.131724714319036451e+01 0.000000000000000000e+00 0.000000000000000000e+00
1.720000000000000000e+02 5.041380527873301617e+03 9.114859944426353389e-01 8.968939743077523549e-03 -4.079697192503538616e+01 0.000000000000000000e+00 0.000000000000000000e+00
1.730000000000000000e+02 5.067597075087393023e+03 9.005811234637178808e-01 9.085997463643771116e-03 -4.024907233949134877e+01 0.000000000000000000e+00 0.000000000000000000e+00
1.740000000000000000e+02 5.093405099483225058e+03 8.896317962628844667e-01 9.203987829816620211e-03 -3.967354847487407454e+01 0.000000000000000000e+00 0.000000000000000000e+00
1.750000000000000000e+02 5.118803960213278515e+03 8.786751101883640835e-01 9.322908540962222476e-03 -3.907054805132450070e+01 0.000000000000000000e+00 0.000000000000000000e+00
1.760000000000000000e+02 5.143778451000089262e+03 8.677260338844015042e-01 9.442756685620721721e-03 -3.843999881583241063e+01 0.000000000000000000e+00 0.000000000000000000e+00
1.770000000000000000e+02 5.168321432519269365e+03 8.568216398069663509e-01 9.563529250373421081e-03 -3.778190717942104015e+01 0.000000000000000000e+00 0.000000000000000000e+00
1.780000000000000000e+02 5.192418569996909355e+03 8.459842490523367120e-01 9.685222539539160153e-03 -3.709635449735450408e+01 0.000000000000000000e+00 0.000000000000000000e+00
1.790000000000000000e+02 5.216070272428276439e+03 8.352361826948320189e-01 9.807832844636928810e-03 -3.638334855404618651e+01 0.000000000000000000e+00 0.000000000000000000e+00
1.800000000000000000e+02 5.239269578623251618e+03 8.246144990469878033e-01 9.931355890799690306e-03 -3.564304462335913826e+01 0.000000000000000000e+00 0.000000000000000000e+00
1.810000000000000000e+02 5.262002172059757868e+03 8.141488799151725964e-01 1.005578741084430655e-02 -3.487559810878133248e+01 0.000000000000000000e+00 0.000000000000000000e+00
1.820000000000000000e+02 5.284268465222607119e+03 8.038690098052154731e-01 1.018112233010204370e-02 -3.408109078066909348e+01 0.000000000000000000e+00 0.000000000000000000e+00
1.830000000000000000e+02 5.306061497983864683e+03 7.937971999111956833e-01 1.030735548027163738e-02 -3.325967823269096613e+01 0.000000000000000000e+00 0.000000000000000000e+00
1.840000000000000000e+02 5.327366959868933918e+03 7.839704937748379621e-01 1.043448110581309679e-02 -3.241158982845620073e+01 0.000000000000000000e+00 0.000000000000000000e+00
1.850000000000000000e+02 5.348185262411777330e+03 7.744259276916291013e-01 1.056249337323118820e-02 -3.153676037553758604e+01 0.000000000000000000e+00 0.000000000000000000e+00
1.860000000000000000e+02 5.368502108633876560e+03 7.651858061806416922e-01 1.069138600776404525e-02 -3.063556676933859535e+01 0.000000000000000000e+00 0.000000000000000000e+00
1.870000000000000000e+02 5.388317911544434537e+03 7.562805309409885712e-01 1.082115262444554790e-02 -2.970809130873898596e+01 0.000000000000000000e+00 0.000000000000000000e+00
1.880000000000000000e+02 5.407625747064176721e+03 7.477500733266425614e-01 1.095178611515163110e-02 -2.875463739542944452e+01 0.000000000000000000e+00 0.000000000000000000e+00
1.890000000000000000e+02 5.426411287787811489e+03 7.396255586851466779e-01 1.108327911214612195e-02 -2.777536120927252838e+01 0.000000000000000000e+00 0.000000000000000000e+00
1.900000000000000000e+02 5.444674990064219855e+03 7.319410576187368456e-01 1.121562379114448942e-02 -2.677056626350758961e+01 0.000000000000000000e+00 0.000000000000000000e+00
1.910000000000000000e+02 5.462409882875686890e+03 7.247284249244183574e-01 1.134881210514212743e-02 -2.574055618408312895e+01 0.000000000000000000e+00 0.000000000000000000e+00
1.920000000000000000e+02 5.479601717748725605e+03 7.180224545320801344e-01 1.148283571222371777e-02 -2.468541382420806940e+01 0.000000000000000000e+00 0.000000000000000000e+00
1.930000000000000000e+02 5.496243546252123451e+03 7.118564617867506605e-01 1.161768598072856346e-02 -2.360544299531852275e+01 0.000000000000000000e+00 0.000000000000000000e+00
1.940000000000000000e+02 5.512343180509414196e+03 7.062659659691722380e-01 1.175335371667366249e-02 -2.250109473204241439e+01 0.000000000000000000e+00 0.000000000000000000e+00
1.950000000000000000e+02 5.527886339653499817e+03 7.012864776113993948e-01 1.188982961457187362e-02 -2.137259930552044196e+01 0.000000000000000000e+00 0.000000000000000000e+00
1.960000000000000000e+02 5.542873455547446611e+03 6.969535010931467989e-01 1.202710366769482037e-02 -2.022040788662566158e+01 0.000000000000000000e+00 0.000000000000000000e+00
1.970000000000000000e+02 5.557304989691692754e+03 6.933040044833738147e-01 1.216516605813176485e-02 -1.904482448073722622e+01 0.000000000000000000e+00 0.000000000000000000e+00
1.980000000000000000e+02 5.571181373943104518e+03 6.903734774669401109e-01 1.230400607534691028e-02 -1.784622676193439617e+01 0.000000000000000000e+00 0.000000000000000000e+00
1.990000000000000000e+02 5.584480981457404596e+03 6.881974024572574677e-01 1.244361302558439318e-02 -1.662491888180746002e+01 0.000000000000000000e+00 0.000000000000000000e+00
2.000000000000000000e+02 5.597218983648909671e+03 6.868112527921208521e-01 1.258397560310858115e-02 -1.538142577140415845e+01 0.000000000000000000e+00 0.000000000000000000e+00
2.010000000000000000e+02 5.609381018847650012e+03 6.862526957959336205e-01 1.272508246012349700e-02 -1.411597737192631641e+01 0.000000000000000000e+00 0.000000000000000000e+00
2.020000000000000000e+02 5.620959797753296698e+03 6.865571614871297523e-01 1.286692173908060219e-02 -1.282916875488927744e+01 0.000000000000000000e+00 0.000000000000000000e+00
2.030000000000000000e+02 5.631933217918684022e+03 6.877615379590692468e-01 1.300948148490228828e-02 -1.152122650116362301e+01 0.000000000000000000e+00 0.000000000000000000e+00
2.040000000000000000e+02 5.642308617899702767e+03 6.899019670468871102e-01 1.315274905358893194e-02 -1.019267147290508824e+01 0.000000000000000000e+00 0.000000000000000000e+00
2.050000000000000000e+02 5.652056550657543085e+03 6.930153186585463754e-01 1.329671179067735964e-02 -8.843950961796636534e+00 0.000000000000000000e+00 0.000000000000000000e+00
2.060000000000000000e+02 5.661184363135776039e+03 6.971369805598224278e-01 1.344135652023885873e-02 -7.475438864313249887e+00 0.000000000000000000e+00 0.000000000000000000e+00
2.070000000000000000e+02 5.669677344344981975e+03 7.023045367814108042e-01 1.358667009610532543e-02 -6.087516427015561504e+00 0.000000000000000000e+00 0.000000000000000000e+00
2.080000000000000000e+02 5.677528124341650255e+03 7.085540905945947321e-01 1.373263865409276446e-02 -4.680785466236821790e+00 0.000000000000000000e+00 0.000000000000000000e+00
2.090000000000000000e+02 5.684766102648100059e+03 7.159209995235684687e-01 1.387924844557542059e-02 -3.255781547534197795e+00 0.000000000000000000e+00 0.000000000000000000e+00
2.100000000000000000e+02 5.691376550935979139e+03 7.244428154190988289e-01 1.402648494342302252e-02 -1.813062370682307467e+00 0.000000000000000000e+00 0.000000000000000000e+00
2.110000000000000000e+02 5.697366824471603650e+03 7.341563440102097937e-01 1.417433381572678550e-02 -3.531767671747125248e-01 0.000000000000000000e+00 0.000000000000000000e+00
2.120000000000000000e+02 5.702751598928128260e+03 7.450961731556823286e-01 1.432278004577800488e-02 1.123313199379408323e+00 0.000000000000000000e+00 0.000000000000000000e+00
2.130000000000000000e+02 5.707530862946611705e+03 7.572998208150039101e-01 1.447180873486436127e-02 2.615854311936416376e+00 0.000000000000000000e+00 0.000000000000000000e+00
2.140000000000000000e+02 5.711711951947176203e+03 7.708040557495823286e-01 1.462140432275515177e-02 4.123887455591622064e+00 0.000000000000000000e+00 0.000000000000000000e+00
2.150000000000000000e+02 5.715294859709119009e+03 7.856382881910903837e-01 1.477155137906695226e-02 5.646825646142487720e+00 0.000000000000000000e+00 0.000000000000000000e+00
2.160000000000000000e+02 5.718264899844876709e+03 8.018473430313411976e-01 1.492223395023784156e-02 7.184074595494882587e+00 0.000000000000000000e+00 0.000000000000000000e+00
2.170000000000000000e+02 5.720622065537003436e+03 8.194606068836759460e-01 1.507343616397318654e-02 8.735017986072938001e+00 0.000000000000000000e+00 0.000000000000000000e+00
2.180000000000000000e+02 5.722366374969097706e+03 8.385074549342014238e-01 1.522514151304604074e-02 1.029914967338374332e+01 0.000000000000000000e+00 0.000000000000000000e+00
2.190000000000000000e+02 5.723490466523096075e+03 8.590319341716925461e-01 1.537733349175727897e-02 1.187578728137931527e+01 0.000000000000000000e+00 0.000000000000000000e+00
2.200000000000000000e+02 5.723987034306066562e+03 8.810633915165918539e-01 1.552999512595765012e-02 1.346441008723211219e+01 0.000000000000000000e+00 0.000000000000000000e+00
2.210000000000000000e+02 5.723863398334885460e+03 9.046311624107137295e-01 1.568310941877069931e-02 1.506427706205652584e+01 0.000000000000000000e+00 0.000000000000000000e+00
2.220000000000000000e+02 5.723104926582195731e+03 9.297792478590457543e-01 1.583665914049676299e-02 1.667494095117455544e+01 0.000000000000000000e+00 0.000000000000000000e+00
2.230000000000000000e+02 5.721718959299534617e+03 9.565296136476282296e-01 1.599062716583777438e-02 1.829558744320188879e+01 0.000000000000000000e+00 0.000000000000000000e+00
2.240000000000000000e+02 5.719712869043339197e+03 9.849188973791864754e-01 1.614499584771106333e-02 1.992569601808181190e+01 0.000000000000000000e+00 0.000000000000000000e+00
2.250000000000000000e+02 5.717086664029900021e+03 1.014969038711972305e+00 1.629974760510348800e-02 2.156445252345013941e+01 0.000000000000000000e+00 0.000000000000000000e+00
2.260000000000000000e+02 5.713833045184250295e+03 1.046723974456222894e+00 1.645486422802730497e-02 2.321133651124613451e+01 0.000000000000000000e+00 0.000000000000000000e+00
2.270000000000000000e+02 5.709959354697706658e+03 1.080212951137165645e+00 1.661032764824203409e-02 2.486560736534246274e+01 0.000000000000000000e+00 0.000000000000000000e+00
2.280000000000000000e+02 5.705465630845113083e+03 1.115457867146265380e+00 1.676611941027612157e-02 2.652659807017414195e+01 0.000000000000000000e+00 0.000000000000000000e+00
2.290000000000000000e+02 5.700359231070014175e+03 1.152495274484097054e+00 1.692222138028724732e-02 2.819364155355947332e+01 0.000000000000000000e+00 0.000000000000000000e+00
2.300000000000000000e+02 5.694632868298422181e+03 1.191354375054808790e+00 1.707861498280012838e-02 2.986607091239929446e+01 0.000000000000000000e+00 0.000000000000000000e+00
2.310000000000000000e+02 5.688293902485352191e+03 1.232049691581442952e+00 1.723528186963155934e-02 3.154314596876797694e+01 0.000000000000000000e+00 0.000000000000000000e+00
2.320000000000000000e+02 5.681349713078549939e+03 1.274617726969602849e+00 1.739220311381469222e-02 3.322420001254147337e+01 0.000000000000000000e+00 0.000000000000000000e+00
2.330000000000000000e+02 5.673792995029985832e+03 1.319087631912034819e+00 1.754935994080684264e-02 3.490849311239075092e+01 0.000000000000000000e+00 0.000000000000000000e+00
2.340000000000000000e+02 5.665623801588912102e+03 1.365481210007014390e+00 1.770673314721567942e-02 3.659528542019020136e+01 0.000000000000000000e+00 0.000000000000000000e+00
2.350000000000000000e+02 5.656856827072860142e+03 1.413827579877551477e+00 1.786430385379529640e-02 3.828398383965484442e+01 0.000000000000000000e+00 0.000000000000000000e+00
2.360000000000000000e+02 5.647477462269478565e+03 1.464155840623992288e+00 1.802205280543484056e-02 3.997377546236215551e+01 0.000000000000000000e+00 0.000000000000000000e+00
2.370000000000000000e+02 5.637507751346571240e+03 1.516473094004753275e+00 1.817996116019793620e-02 4.166392087845585479e+01 0.000000000000000000e+00 0.000000000000000000e+00
2.380000000000000000e+02 5.626940404317700995e+03 1.570808413616232357e+00 1.833800948651135090e-02 4.335375403049840770e+01 0.000000000000000000e+00 0.000000000000000000e+00
2.390000000000000000e+02 5.615782816893876770e+03 1.627176193598191878e+00 1.849617878946577948e-02 4.504253575136946353e+01 0.000000000000000000e+00 0.000000000000000000e+00
2.400000000000000000e+02 5.604035032546823459e+03 1.685612784364604044e+00 1.865444948457426616e-02 4.672938054897058180e+01 0.000000000000000000e+00 0.000000000000000000e+00
2.410000000000000000e+02 5.591697123510739402e+03 1.746132548988213129e+00 1.881280255394114295e-02 4.841376923969425405e+01 0.000000000000000000e+00 0.000000000000000000e+00
2.420000000000000000e+02 5.578783783708976443e+03 1.808749833346714908e+00 1.897121842392451158e-02 5.009481670280375454e+01 0.000000000000000000e+00 0.000000000000000000e+00
2.430000000000000000e+02 5.565295083348479238e+03 1.873486292288870869e+00 1.912967806950477412e-02 5.177178430192175540e+01 0.000000000000000000e+00 0.000000000000000000e+00
2.440000000000000000e+02 5.551231083566457528e+03 1.940356231923208608e+00 1.928816195537525618e-02 5.344408019227964246e+01 0.000000000000000000e+00 0.000000000000000000e+00
2.450000000000000000e+02 5.536606491862881740e+03 2.009381271837957339e+00 1.944665100664218910e-02 5.511089274392642068e+01 0.000000000000000000e+00 0.000000000000000000e+00
2.460000000000000000e+02 5.521428686122292675e+03 2.080561047892138138e+00 1.960512570691772677e-02 5.677155727274391239e+01 0.000000000000000000e+00 0.000000000000000000e+00
2.470000000000000000e+02 5.505690427396629275e+03 2.153924458141766252e+00 1.976356718887940442e-02 5.842533570659496434e+01 0.000000000000000000e+00 0.000000000000000000e+00
2.480000000000000000e+02 5.489413734591991670e+03 2.229485738387647853e+00 1.992195604796895975e-02 6.007141735381262038e+01 0.000000000000000000e+00 0.000000000000000000e+00
2.490000000000000000e+02 5.472591370008584818e+03 2.307244474109731769e+00 2.008027359200456261e-02 6.170921085604884837e+01 0.000000000000000000e+00 0.000000000000000000e+00
2.500000000000000000e+02 5.455238034346310997e+03 2.387229509684580808e+00 2.023850055806131892e-02 6.333790584841474924e+01 0.000000000000000000e+00 0.000000000000000000e+00
2.510000000000000000e+02 5.437346509096824775e+03 2.469425753372440635e+00 2.039661828660146656e-02 6.495661880541719313e+01 0.000000000000000000e+00 0.000000000000000000e+00
2.520000000000000000e+02 5.418924271485443569e+03 2.553854640632249762e+00 2.055460767078097842e-02 6.656468581658934625e+01 0.000000000000000000e+00 0.000000000000000000e+00
2.530000000000000000e+02 5.399971480948030148e+03 2.640515625389275645e+00 2.071245023465488957e-02 6.816129681218755820e+01 0.000000000000000000e+00 0.000000000000000000e+00
2.540000000000000000e+02 5.380502957830616651e+03 2.729422778669321925e+00 2.087012721127912487e-02 6.974556874453597288e+01 0.000000000000000000e+00 0.000000000000000000e+00
2.550000000000000000e+02 5.360504245968438227e+03 2.820568209550925687e+00 2.102762043897894034e-02 7.131683852388310640e+01 0.000000000000000000e+00 0.000000000000000000e+00
2.560000000000000000e+02 5.339990174444081276e+03 2.913965950795946114e+00 2.118491147908626096e-02 7.287429650863688835e+01 0.000000000000000000e+00 0.000000000000000000e+00
2.570000000000000000e+02 5.318968223741468137e+03 3.009615394541274913e+00 2.134198241422857398e-02 7.441735335972130372e+01 0.000000000000000000e+00 0.000000000000000000e+00
2.580000000000000000e+02 5.297453198378347224e+03 3.107508604925559581e+00 2.149881497688233001e-02 7.594498023972080603e+01 0.000000000000000000e+00 0.000000000000000000e+00
2.590000000000000000e+02 5.275452589147053914e+03 3.207659561938149828e+00 2.165539159218806894e-02 7.745761175374182983e+01 0.000000000000000000e+00 0.000000000000000000e+00
2.600000000000000000e+02 5.252988499836646042e+03 3.310060290651051673e+00 2.181169440164244105e-02 7.895305014187418635e+01 0.000000000000000000e+00 0.000000000000000000e+00
2.610000000000000000e+02 5.230061117830262447e+03 3.414710119783550102e+00 2.196770628800367303e-02 8.043202245774726578e+01 0.000000000000000000e+00 0.000000000000000000e+00
2.620000000000000000e+02 5.206692537200176957e+03 3.521608349303837482e+00 2.212340979536035757e-02 8.189306247779829562e+01 0.000000000000000000e+00 0.000000000000000000e+00
2.630000000000000000e+02 5.182890249606937687e+03 3.630754266644178774e+00 2.227878821475791707e-02 8.333616676849548810e+01 0.000000000000000000e+00 0.000000000000000000e+00
2.640000000000000000e+02 5.158661735396813128e+03 3.742139833366844748e+00 2.243382451586433193e-02 8.475986983191197055e+01 0.000000000000000000e+00 0.000000000000000000e+00
2.650000000000000000e+02 5.134007198029882602e+03 3.855749705145056883e+00 2.258850244932933057e-02 8.616489853412403477e+01 0.000000000000000000e+00 0.000000000000000000e+00
2.660000000000000000e+02 5.108934114898437656e+03 3.971575820337712948e+00 2.274280541371692319e-02 8.754905855934633507e+01 0.000000000000000000e+00 0.000000000000000000e+00
2.670000000000000000e+02 5.083457282605309047e+03 4.089602798411775986e+00 2.289671763886350075e-02 8.891161663480535537e+01 0.000000000000000000e+00 0.000000000000000000e+00
2.680000000000000000e+02 5.057576888995073205e+03 4.209822541800196660e+00 2.305022314686267643e-02 9.025329984774622005e+01 0.000000000000000000e+00 0.000000000000000000e+00
2.690000000000000000e+02 5.031293140702739038e+03 4.332226941722503888e+00 2.320330680828255193e-02 9.157191433178178386e+01 0.000000000000000000e+00 0.000000000000000000e+00
2.700000000000000000e+02 5.004613533515595918e+03 4.456793272626781821e+00 2.335595324426654670e-02 9.286818862427230670e+01 0.000000000000000000e+00 0.000000000000000000e+00
2.710000000000000000e+02 4.977560155469442179e+03 4.583513387392507354e+00 2.350814778180783035e-02 9.413992989492238905e+01 0.000000000000000000e+00 0.000000000000000000e+00
2.720000000000000000e+02 4.950125889383641152e+03 4.712371840298265724e+00 2.365987544006150148e-02 9.538786650305233650e+01 0.000000000000000000e+00 0.000000000000000000e+00
2.730000000000000000e+02 4.922340129969997179e+03 4.843331271433706675e+00 2.381112222260008474e-02 9.661053585166739310e+01 0.000000000000000000e+00 0.000000000000000000e+00
2.740000000000000000e+02 4.894195767137354778e+03 4.976390800059734332e+00 2.396187390789323440e-02 9.780866657712427070e+01 0.000000000000000000e+00 0.000000000000000000e+00
2.750000000000000000e+02 4.865707600442182411e+03 5.111520331019201002e+00 2.411211735624136515e-02 9.898006776886690261e+01 0.000000000000000000e+00 0.000000000000000000e+00
2.760000000000000000e+02 4.836897693679689837e+03 5.248704357230182360e+00 2.426183893744332520e-02 1.001254683933031941e+02 0.000000000000000000e+00 0.000000000000000000e+00
2.770000000000000000e+02 4.807766246536184553e+03 5.387920060011263779e+00 2.441102597105765382e-02 1.012434080786225366e+02 0.000000000000000000e+00 0.000000000000000000e+00
2.780000000000000000e+02 4.778320745744931628e+03 5.529144610181564445e+00 2.455966552368427439e-02 1.023331573493221356e+02 0.000000000000000000e+00 0.000000000000000000e+00
2.790000000000000000e+02 4.748575972878537868e+03 5.672340593745540005e+00 2.470774577351073087e-02 1.033954439464750550e+02 0.000000000000000000e+00 0.000000000000000000e+00
2.800000000000000000e+02 4.718546695458212525e+03 5.817477876278561943e+00 2.485525458474368427e-02 1.044288093476467054e+02 0.000000000000000000e+00 0.000000000000000000e+00
2.810000000000000000e+02 4.688233124208699337e+03 5.964540870724750476e+00 2.500218092670668940e-02 1.054332532869357379e+02 0.000000000000000000e+00 0.000000000000000000e+00
2.820000000000000000e+02 4.657650022585399711e+03 6.113484848573409458e+00 2.514851330431591356e-02 1.064080468203121654e+02 0.000000000000000000e+00 0.000000000000000000e+00
2.830000000000000000e+02 4.626812154311084669e+03 6.264286918263644921e+00 2.529424140522578551e-02 1.073524621151264711e+02 0.000000000000000000e+00 0.000000000000000000e+00
2.840000000000000000e+02 4.595719726863959295e+03 6.416916902750528173e+00 2.543935467037808373e-02 1.082657709277299176e+02 0.000000000000000000e+00 0.000000000000000000e+00
2.850000000000000000e+02 4.564387508116182289e+03 6.571337322169834572e+00 2.558384363950058984e-02 1.091479741066544591e+02 0.000000000000000000e+00 0.000000000000000000e+00
2.860000000000000000e+02 4.532822968259388290e+03 6.727517963268045520e+00 2.572769841274362770e-02 1.099990715456609962e+02 0.000000000000000000e+00 0.000000000000000000e+00
2.870000000000000000e+02 4.501048146870592973e+03 6.885406790846553271e+00 2.587091032951455150e-02 1.108183371759078000e+02 0.000000000000000000e+00 0.000000000000000000e+00
2.880000000000000000e+02 4.469063241035736610e+03 7.044980865894238775e+00 2.601347035500242363e-02 1.116043155648390552e+02 0.000000000000000000e+00 0.000000000000000000e+00
2.890000000000000000e+02 4.436875730893823857e+03 7.206195375815195092e+00 2.615537084158912201e-02 1.123584652165420437e+02 0.000000000000000000e+00 0.000000000000000000e+00
2.900000000000000000e+02 4.404507651962038835e+03 7.369012815814597772e+00 2.629660373464609915e-02 1.130786035548088506e+02 0.000000000000000000e+00 0.000000000000000000e+00
2.910000000000000000e+02 4.371966463472450414e+03 7.533410229558906934e+00 2.643716216304689212e-02 1.137654613183930934e+02 0.000000000000000000e+00 0.000000000000000000e+00
2.920000000000000000e+02 4.339252375530542849e+03 7.699255512947608793e+00 2.657703878537243103e-02 1.144183124317632121e+02 0.000000000000000000e+00 0.000000000000000000e+00
2.930000000000000000e+02 4.306380124422458721e+03 7.866620223194456862e+00 2.671622768144448282e-02 1.150371605281668081e+02 0.000000000000000000e+00 0.000000000000000000e+00
2.940000000000000000e+02 4.273364458224410555e+03 8.035430462055206391e+00 2.685472243840230158e-02 1.156205531127538535e+02 0.000000000000000000e+00 0.000000000000000000e+00
2.950000000000000000e+02 4.240205563167641230e+03 8.205539614109500945e+00 2.699251817374906381e-02 1.161692213859644482e+02 0.000000000000000000e+00 0.000000000000000000e+00
2.960000000000000000e+02 4.206918198456673963e+03 8.377019240418240642e+00 2.712960937812863502e-02 1.166824416083568536e+02 0.000000000000000000e+00 0.000000000000000000e+00
2.970000000000000000e+02 4.173502541691658735e+03 8.549722687624200290e+00 2.726599199653192279e-02 1.171587641661539720e+02 0.000000000000000000e+00 0.000000000000000000e+00
2.980000000000000000e+02 4.139980607270474138e+03 8.723648801685117249e+00 2.740166141413221540e-02 1.175989206125409225e+02 0.000000000000000000e+00 0.000000000000000000e+00
2.990000000000000000e+02 4.106359841640923150e+03 8.898723704486483754e+00 2.753661456853400205e-02 1.180029148293084518e+02 0.000000000000000000e+00 0.000000000000000000e+00
3.000000000000000000e+02 4.072647722278327819e+03 9.074873472491340465e+00 2.767084786568211816e-02 1.183700251277471409e+02 0.000000000000000000e+00 0.000000000000000000e+00
3.010000000000000000e+02 4.038858950990988887e+03 9.252169620620811941e+00 2.780435915928833324e-02 1.187002569477968592e+02 0.000000000000000000e+00 0.000000000000000000e+00
3.020000000000000000e+02 4.005008226216673847e+03 9.430393234928624580e+00 2.793714577712958988e-02 1.189936153734420685e+02 0.000000000000000000e+00 0.000000000000000000e+00
3.030000000000000000e+02 3.971102942082451591e+03 9.609616122916857961e+00 2.806920651483414686e-02 1.192501052898295058e+02 0.000000000000000000e+00 0.000000000000000000e+00
3.040000000000000000e+02 3.937157783661390113e+03 9.789764666664092729e+00 2.820053970636517832e-02 1.194697328744820481e+02 0.000000000000000000e+00 0.000000000000000000e+00
3.050000000000000000e+02 3.903187407597927177e+03 9.970765358803641121e+00 2.833114514320952959e-02 1.196517776757241478e+02 0.000000000000000000e+00 0.000000000000000000e+00
3.060000000000000000e+02 3.869191965802395771e+03 1.015261728014062825e+01 2.846102219782153595e-02 1.197962465749260872e+02 0.000000000000000000e+00 0.000000000000000000e+00
3.070000000000000000e+02 3.835193367076424238e+03 1.033517433082749548e+01 2.859017154786674952e-02 1.199031457722967389e+02 0.000000000000000000e+00 0.000000000000000000e+00
3.080000000000000000e+02 3.801199009092857068e+03 1.051843554823260973e+01 2.871859347373398666e-02 1.199724821575765930e+02 0.000000000000000000e+00 0.000000000000000000e+00
3.090000000000000000e+02 3.767216289206612601e+03 1.070232748407635981e+01 2.884628973169146848e-02 1.200042624039338648e+02 0.000000000000000000e+00 0.000000000000000000e+00
3.100000000000000000e+02 3.733245342711134072e+03 1.088670408683137047e+01 2.897326160877955470e-02 1.199984948316239439e+02 0.000000000000000000e+00 0.000000000000000000e+00
3.110000000000000000e+02 3.699315330022639955e+03 1.107163698121417461e+01 2.909951189399587190e-02 1.199537356894050930e+02 0.000000000000000000e+00 0.000000000000000000e+00
3.120000000000000000e+02 3.665419123991156084e+03 1.125698007471981299e+01 2.922504287150792801e-02 1.198714446882212172e+02 0.000000000000000000e+00 0.000000000000000000e+00
3.130000000000000000e+02 3.631578609875243274e+03 1.144273247929560355e+01 2.934985820861096481e-02 1.197509038769150322e+02 0.000000000000000000e+00 0.000000000000000000e+00
3.140000000000000000e+02 3.597801176742341340e+03 1.162874826806183748e+01 2.947396115231380731e-02 1.195921228390854196e+02 0.000000000000000000e+00 0.000000000000000000e+00
3.150000000000000000e+02 3.564086940126629543e+03 1.181495397596383157e+01 2.959735636006903189e-02 1.193951106322987386e+02 0.000000000000000000e+00 0.000000000000000000e+00
3.160000000000000000e+02 3.530457785713317207e+03 1.200142116674697590e+01 2.972004806212766304e-02 1.191598760243686428e+02 0.000000000000000000e+00 0.000000000000000000e+00
3.170000000000000000e+02 3.496921063316423442e+03 1.218793141798894020e+01 2.984204194172116603e-02 1.188871532113526399e+02 0.000000000000000000e+00 0.000000000000000000e+00
3.180000000000000000e+02 3.463491399507587630e+03 1.237448389361627576e+01 2.996334320384037506e-02 1.185762280108155124e+02 0.000000000000000000e+00 0.000000000000000000e+00
3.190000000000000000e+02 3.430168909971027915e+03 1.256100510657088343e+01 3.008395849479999357e-02 1.182271103536711081e+02 0.000000000000000000e+00 0.000000000000000000e+00
3.200000000000000000e+02 3.396960951386075067e+03 1.274749415627284854e+01 3.020389390819573638e-02 1.178405350847336308e+02 0.000000000000000000e+00 0.000000000000000000e+00
3.210000000000000000e+02 3.363896612210624426e+03 1.293380521310021258e+01 3.032315702514535097e-02 1.174165124531634206e+02 0.000000000000000000e+00 0.000000000000000000e+00
3.220000000000000000e+02 3.330961503615014863e+03 1.311986501990097942e+01 3.044175492756802728e-02 1.169543298534947411e+02 0.000000000000000000e+00 0.000000000000000000e+00
3.230000000000000000e+02 3.298184715147425322e+03 1.330560025851309014e+01 3.055969604629244288e-02 1.164547228899252787e+02 0.000000000000000000e+00 0.000000000000000000e+00
3.240000000000000000e+02 3.265559094755270507e+03 1.349093757394741999e+01 3.067698845194491430e-02 1.159184266982638292e+02 0.000000000000000000e+00 0.000000000000000000e+00
3.250000000000000000e+02 3.233106472349712021e+03 1.367587606927730448e+01 3.079364150583418711e-02 1.153447284165235089e+02 0.000000000000000000e+00 0.000000000000000000e+00
3.260000000000000000e+02 3.200826936779469179e+03 1.386034244760977963e+01 3.090966424595027739e-02 1.147343655989414657e+02 0.000000000000000000e+00 0.000000000000000000e+00
3.270000000000000000e+02 3.168735068569836585e+03 1.404419114906171018e+01 3.102506696378059398e-02 1.140866265794248022e+02 0.000000000000000000e+00 0.000000000000000000e+00
3.280000000000000000e+02 3.136838189411051189e+03 1.422734894429217789e+01 3.113985956091006729e-02 1.134022472627623017e+02 0.000000000000000000e+00 0.000000000000000000e+00
3.290000000000000000e+02 3.105143616026275595e+03 1.440981500265910498e+01 3.125405305412364693e-02 1.126826872699305540e+02 0.000000000000000000e+00 0.000000000000000000e+00
3.300000000000000000e+02 3.073665908918351306e+03 1.459144376056045189e+01 3.136765817115302890e-02 1.119265131293123403e+02 0.000000000000000000e+00 0.000000000000000000e+00
3.310000000000000000e+02 3.042405133981972540e+03 1.477223440033086277e+01 3.148068683072468427e-02 1.111344626222757483e+02 0.000000000000000000e+00 0.000000000000000000e+00
3.320000000000000000e+02 3.011375853307636589e+03 1.495211376726294183e+01 3.159315067082786588e-02 1.103065486215089095e+02 0.000000000000000000e+00 0.000000000000000000e+00
3.330000000000000000e+02 2.980578131431690508e+03 1.513093643632843666e+01 3.170506253241391070e-02 1.094442311863561059e+02 0.000000000000000000e+00 0.000000000000000000e+00
3.340000000000000000e+02 2.950026507836282235e+03 1.530870171237800292e+01 3.181643481849533162e-02 1.085468014475119247e+02 0.000000000000000000e+00 0.000000000000000000e+00
3.350000000000000000e+02 2.919735492321232869e+03 1.548526419378403141e+01 3.192728118156349520e-02 1.076149975898050712e+02 0.000000000000000000e+00 0.000000000000000000e+00
3.360000000000000000e+02 2.889705160899798102e+03 1.566062316451525405e+01 3.203761470414161205e-02 1.066488330394138018e+02 0.000000000000000000e+00 0.000000000000000000e+00
3.370000000000000000e+02 2.859942790385514400e+03 1.583470556054176726e+01 3.214744978891077853e-02 1.056497684759956286e+02 0.000000000000000000e+00 0.000000000000000000e+00
3.380000000000000000e+02 2.830455677909599672e+03 1.600743843523761711e+01 3.225680031869059688e-02 1.046170957898977179e+02 0.000000000000000000e+00 0.000000000000000000e+00
3.390000000000000000e+02 2.801258299743051339e+03 1.617874876084794877e+01 3.236568148547804002e-02 1.035522752854511168e+02 0.000000000000000000e+00 0.000000000000000000e+00
3.400000000000000000e+02 2.772357941216341260e+03 1.634863592193768156e+01 3.247410788069311771e-02 1.024553218216231016e+02 0.000000000000000000e+00 0.000000000000000000e+00
3.410000000000000000e+02 2.743754641542042918e+03 1.651688258579657997e+01 3.258209545453508160e-02 1.013262518452468299e+02 0.000000000000000000e+00 0.000000000000000000e+00
3.420000000000000000e+02 2.715455670079393258e+03 1.668348813798463581e+01 3.268965950064836590e-02 1.001650809448247230e+02 0.000000000000000000e+00 0.000000000000000000e+00
3.430000000000000000e+02 2.687468287535906711e+03 1.684837978546660509e+01 3.279681662899734673e-02 9.897326979473079689e+01 0.000000000000000000e+00 0.000000000000000000e+00
3.440000000000000000e+02 2.659792528791984751e+03 1.701141253797938546e+01 3.290358272942769252e-02 9.775011214274299221e+01 0.000000000000000000e+00 0.000000000000000000e+00
3.450000000000000000e+02 2.632435650303228158e+03 1.717258593016570245e+01 3.300997501584913840e-02 9.649634771456811677e+01 0.000000000000000000e+00 0.000000000000000000e+00
3.460000000000000000e+02 2.605404900702367740e+03 1.733175502730015438e+01 3.311600998653035921e-02 9.521199331126678089e+01 0.000000000000000000e+00 0.000000000000000000e+00
3.470000000000000000e+02 2.578700305773296805e+03 1.748891948078303216e+01 3.322170542080242484e-02 9.389778811806324654e+01 0.000000000000000000e+00 0.000000000000000000e+00
3.480000000000000000e+02 2.552329112936004094e+03 1.764386235462325203e+01 3.332707838590274335e-02 9.255374927206229074e+01 0.000000000000000000e+00 0.000000000000000000e+00
3.490000000000000000e+02 2.526305757202678706e+03 1.779672748885456102e+01 3.343214716351454452e-02 9.118205815678597048e+01 0.000000000000000000e+00 0.000000000000000000e+00
3.500000000000000000e+02 2.500630257628789423e+03 1.794737008158278257e+01 3.353692933790292791e-02 8.978201049733513628e+01 0.000000000000000000e+00 0.000000000000000000e+00
3.510000000000000000e+02 2.475317040542745417e+03 1.809578972451966195e+01 3.364144376589839336e-02 8.835506623231439960e+01 0.000000000000000000e+00 0.000000000000000000e+00
3.520000000000000000e+02 2.450373340272276891e+03 1.824191363126804788e+01 3.374570834756272786e-02 8.690196310447916517e+01 0.000000000000000000e+00 0.000000000000000000e+00
3.530000000000000000e+02 2.425799172527086739e+03 1.838566893584798478e+01 3.384974248445388190e-02 8.542271685318449670e+01 0.000000000000000000e+00 0.000000000000000000e+00
3.540000000000000000e+02 2.401601759928536922e+03 1.852705499288220992e+01 3.395356443298132298e-02 8.391950669366030979e+01 0.000000000000000000e+00 0.000000000000000000e+00
3.550000000000000000e+02 2.377795522374187840e+03 1.866592697230345266e+01 3.405719425497234776e-02 8.239162802697862276e+01 0.000000000000000000e+00 0.000000000000000000e+00
3.560000000000000000e+02 2.354373270263406084e+03 1.880228432062312649e+01 3.416065058453433834e-02 8.083981967468923813e+01 0.000000000000000000e+00 0.000000000000000000e+00
3.570000000000000000e+02 2.331342206600839290e+03 1.893605421373174380e+01 3.426395382945544160e-02 7.926481816593039298e+01 0.000000000000000000e+00 0.000000000000000000e+00
3.580000000000000000e+02 2.308709533881241896e+03 1.906716426494012850e+01 3.436712284451744204e-02 7.766736154581660401e+01 0.000000000000000000e+00 0.000000000000000000e+00
3.590000000000000000e+02 2.286475239459855402e+03 1.919546984813307944e+01 3.447017845814605991e-02 7.604746629208963782e+01 0.000000000000000000e+00 0.000000000000000000e+00
3.600000000000000000e+02 2.264639335278934141e+03 1.932097062244466557e+01 3.457313989170920226e-02 7.440659151114670067e+01 0.000000000000000000e+00 0.000000000000000000e+00
3.610000000000000000e+02 2.243209002654079086e+03 1.944359396688677322e+01 3.467602836939108479e-02 7.274374644883330632e+01 0.000000000000000000e+00 0.000000000000000000e+00
3.620000000000000000e+02 2.222184221850522135e+03 1.956326767417864687e+01 3.477886328402780142e-02 7.106074903390333475e+01 0.000000000000000000e+00 0.000000000000000000e+00
3.630000000000000000e+02 2.201579371304380857e+03 1.967991933453185638e+01 3.488166603176391656e-02 6.935819186758041610e+01 0.000000000000000000e+00 0.000000000000000000e+00
3.640000000000000000e+02 2.181380025984753502e+03 1.979354863333903580e+01 3.498445604864731939e-02 6.763674066773333493e+01 0.000000000000000000e+00 0.000000000000000000e+00
3.650000000000000000e+02 2.161607751341422045e+03 1.990408328632944190e+01 3.508725504278335100e-02 6.589720464289329982e+01 0.000000000000000000e+00 0.000000000000000000e+00
3.660000000000000000e+02 2.142255304913762757e+03 2.001145114303011852e+01 3.519008267598400241e-02 6.414039280511016727e+01 0.000000000000000000e+00 0.000000000000000000e+00
3.670000000000000000e+02 2.123329858500408591e+03 2.011565202800421659e+01 3.529296077959756528e-02 6.236697015319322190e+01 0.000000000000000000e+00 0.000000000000000000e+00
3.680000000000000000e+02 2.104831367166070777e+03 2.021654186326460945e+01 3.539590908669257990e-02 6.057781752743898807e+01 0.000000000000000000e+00 0.000000000000000000e+00
3.690000000000000000e+02 2.086759777989322174e+03 2.031426434480960097e+01 3.549894939648537417e-02 5.877367182688881542e+01 0.000000000000000000e+00 0.000000000000000000e+00
3.700000000000000000e+02 2.069129420152996317e+03 2.040853175365877092e+01 3.560210153975876257e-02 5.695519752782109180e+01 0.000000000000000000e+00 0.000000000000000000e+00
3.710000000000000000e+02 2.051925863839987414e+03 2.049955975594697932e+01 3.570538738238129145e-02 5.512327539188114400e+01 0.000000000000000000e+00 0.000000000000000000e+00
3.720000000000000000e+02 2.035163432683353221e+03 2.058706081482170447e+01 3.580882674474190203e-02 5.327856936104046071e+01 0.000000000000000000e+00 0.000000000000000000e+00
3.730000000000000000e+02 2.018834862178251797e+03 2.067117866408643323e+01 3.591244149024139243e-02 5.142188816996193168e+01 0.000000000000000000e+00 0.000000000000000000e+00
3.740000000000000000e+02 2.002947291797149546e+03 2.075184139467330269e+01 3.601625134316855520e-02 4.955403940849866018e+01 0.000000000000000000e+00 0.000000000000000000e+00
3.750000000000000000e+02 1.987493458583722031e+03 2.082897742662264662e+01 3.612027818127314799e-02 4.767561577307388632e+01 0.000000000000000000e+00 0.000000000000000000e+00
3.760000000000000000e+02 1.972480476548143770e+03 2.090251504707271479e+01 3.622454161861259070e-02 4.578749648554073559e+01 0.000000000000000000e+00 0.000000000000000000e+00
3.770000000000000000e+02 1.957915439362118377e+03 2.097245452675409538e+01 3.632906340010572804e-02 4.389034579839820083e+01 0.000000000000000000e+00 0.000000000000000000e+00
3.780000000000000000e+02 1.943783914788976972e+03 2.103872431679156563e+01 3.643386295758119231e-02 4.198489898682801424e+01 0.000000000000000000e+00 0.000000000000000000e+00
3.790000000000000000e+02 1.930100167493817708e+03 2.110125300604308407e+01 3.653896180558599549e-02 4.007196348733744173e+01 0.000000000000000000e+00 0.000000000000000000e+00
3.800000000000000000e+02 1.916864100670580228e+03 2.116004093344292869e+01 3.664437921755461791e-02 3.815227434657262506e+01 0.000000000000000000e+00 0.000000000000000000e+00
3.810000000000000000e+02 1.904068454712267567e+03 2.121508851933361939e+01 3.675013643572751232e-02 3.622649510389664584e+01 0.000000000000000000e+00 0.000000000000000000e+00
3.820000000000000000e+02 1.891720297694680767e+03 2.126618114189726327e+01 3.685625257800782817e-02 3.429543233542644742e+01 0.000000000000000000e+00 0.000000000000000000e+00
3.830000000000000000e+02 1.879819528833562572e+03 2.131353437345518742e+01 3.696274850247845828e-02 3.235989227050001205e+01 0.000000000000000000e+00 0.000000000000000000e+00
3.840000000000000000e+02 1.868358877999261495e+03 2.135700532242707439e+01 3.706964304693056295e-02 3.042075254599309275e+01 0.000000000000000000e+00 0.000000000000000000e+00
3.850000000000000000e+02 1.857338238030255525e+03 2.139659459968633826e+01 3.717695655613023620e-02 2.847874728586387505e+01 0.000000000000000000e+00 0.000000000000000000e+00
3.860000000000000000e+02 1.846764643100495505e+03 2.143237446007770686e+01 3.728470757361641158e-02 2.653482522109872832e+01 0.000000000000000000e+00 0.000000000000000000e+00
3.870000000000000000e+02 1.836637979277852082e+03 2.146427383646422271e+01 3.739291600102442881e-02 2.458971981628057790e+01 0.000000000000000000e+00 0.000000000000000000e+00
3.880000000000000000e+02 1.826943803481448413e+03 2.149236504376684209e+01 3.750160008091189823e-02 2.264430759921524228e+01 0.000000000000000000e+00 0.000000000000000000e+00
3.890000000000000000e+02 1.817689162279086986e+03 2.151657717412113513e+01 3.761077925708252584e-02 2.069939312325730185e+01 0.000000000000000000e+00 0.000000000000000000e+00
3.900000000000000000e+02 1.808873903716736550e+03 2.153691109812162807e+01 3.772047143862935353e-02 1.875578062827788983e+01 0.000000000000000000e+00 0.000000000000000000e+00
3.910000000000000000e+02 1.800497914504965593e+03 2.155336757511049584e+01 3.783069559133976634e-02 1.681427408124240230e+01 0.000000000000000000e+00 0.000000000000000000e+00
3.920000000000000000e+02 1.792546737953786533e+03 2.156587595247029299e+01 3.794146916601071756e-02 1.487567698898121371e+01 0.000000000000000000e+00 0.000000000000000000e+00
3.930000000000000000e+02 1.785034557095674472e+03 2.157450865920486649e+01 3.805281056884184110e-02 1.294072131334774944e+01 0.000000000000000000e+00 0.000000000000000000e+00
3.940000000000000000e+02 1.777946904085276174e+03 2.157919526793986975e+01 3.816473674852680770e-02 1.101013846161378673e+01 0.000000000000000000e+00 0.000000000000000000e+00
3.950000000000000000e+02 1.771283648315998789e+03 2.157986518277338561e+01 3.827726552077587857e-02 9.084802566729392126e+00 0.000000000000000000e+00 0.000000000000000000e+00
3.960000000000000000e+02 1.765044640632103892e+03 2.157666260315600937e+01 3.839041323862517341e-02 7.165437145031413380e+00 0.000000000000000000e+00 0.000000000000000000e+00
3.970000000000000000e+02 1.759222570636149158e+03 2.156944557040115029e+01 3.850419708779345696e-02 5.252829868916612632e+00 0.000000000000000000e+00 0.000000000000000000e+00
3.980000000000000000e+02 1.753824432106212498e+03 2.155828693452232159e+01 3.861863280815561184e-02 3.347717915548004353e+00 0.000000000000000000e+00 0.000000000000000000e+00
3.990000000000000000e+02 1.748842911330287279e+03 2.154311627596839429e+01 3.873373693736278239e-02 1.450873898926751560e+00 0.000000000000000000e+00 0.000000000000000000e+00
4.000000000000000000e+02 1.744277845907891333e+03 2.152407795624366571e+01 3.884952457220710448e-02 -4.369486341141951002e-01 0.000000000000000000e+00 0.000000000000000000e+00
4.010000000000000000e+02 1.740129068742412073e+03 2.150103035178300459e+01 3.896601164489698482e-02 -2.315000667456931005e+00 0.000000000000000000e+00 0.000000000000000000e+00
4.020000000000000000e+02 1.736389262690394844e+03 2.147404658160806790e+01 3.908321248137106713e-02 -4.182516281452235418e+00 0.000000000000000000e+00 0.000000000000000000e+00
4.030000000000000000e+02 1.733058243325844842e+03 2.144319963873751078e+01 3.920114218483596730e-02 -6.038755702544754911e+00 0.000000000000000000e+00 0.000000000000000000e+00
4.040000000000000000e+02 1.730135831909901526e+03 2.140841994732688747e+01 3.931981429161767599e-02 -7.882933809348527276e+00 0.000000000000000000e+00 0.000000000000000000e+00
4.050000000000000000e+02 1.727607564018655239e+03 2.136970925157606516e+01 3.943924313889253519e-02 -9.714308773693906218e+00 0.000000000000000000e+00 0.000000000000000000e+00
4.060000000000000000e+02 1.725473255564190367e+03 2.132721205108510176e+01 3.955944147923362575e-02 -1.153220340052570947e+01 0.000000000000000000e+00 0.000000000000000000e+00
4.070000000000000000e+02 1.723732718384339705e+03 2.128085891822353304e+01 3.968042296466309238e-02 -1.333574846210784948e+01 0.000000000000000000e+00 0.000000000000000000e+00
4.080000000000000000e+02 1.722378620472411740e+03 2.123058045653653991e+01 3.980219946166180245e-02 -1.512421781843904789e+01 0.000000000000000000e+00 0.000000000000000000e+00
4.090000000000000000e+02 1.721396505226580757e+03 2.117659263058390806e+01 3.992478373633034233e-02 -1.689688602691895269e+01 0.000000000000000000e+00 0.000000000000000000e+00
4.100000000000000000e+02 1.720800448343486551e+03 2.111882595074551006e+01 4.004818672751645631e-02 -1.865295647656495248e+01 0.000000000000000000e+00 0.000000000000000000e+00
4.110000000000000000e+02 1.720561717508878928e+03 2.105728266972663221e+01 4.017242039122122937e-02 -2.039191848093977910e+01 0.000000000000000000e+00 0.000000000000000000e+00
4.120000000000000000e+02 1.720694382951978014e+03 2.099203617569384406e+01 4.029749479392587264e-02 -2.211297638003899024e+01 0.000000000000000000e+00 0.000000000000000000e+00
4.130000000000000000e+02 1.721191092069364004e+03 2.092308855949461943e+01 4.042342105499680677e-02 -2.381562032291856212e+01 0.000000000000000000e+00 0.000000000000000000e+00
4.140000000000000000e+02 1.722044535853702655e+03 2.085051314724716320e+01 4.055020822758356042e-02 -2.549912695375279981e+01 0.000000000000000000e+00 0.000000000000000000e+00
4.150000000000000000e+02 1.723240249054028936e+03 2.077438358465099455e+01 4.067786654846192174e-02 -2.716291603446952507e+01 0.000000000000000000e+00 0.000000000000000000e+00
4.160000000000000000e+02 1.724792267989908623e+03 2.069463078153455271e+01 4.080640402846385378e-02 -2.880640778380551126e+01 0.000000000000000000e+00 0.000000000000000000e+00
4.170000000000000000e+02 1.726679008319938930e+03 2.061139954132963936e+01 4.093582999777005405e-02 -3.042880934563379469e+01 0.000000000000000000e+00 0.000000000000000000e+00
4.180000000000000000e+02 1.728907383528657647e+03 2.052469213391989200e+01 4.106615145040492382e-02 -3.202961334778299118e+01 0.000000000000000000e+00 0.000000000000000000e+00
4.190000000000000000e+02 1.731462928986797806e+03 2.043451111020084809e+01 4.119737681373020904e-02 -3.360809901639640884e+01 0.000000000000000000e+00 0.000000000000000000e+00
4.200000000000000000e+02 1.734352540923166316e+03 2.034085886929355524e+01 4.132951208117013886e-02 -3.516368889376568063e+01 0.000000000000000000e+00 0.000000000000000000e+00
4.210000000000000000e+02 1.737561769073602818e+03 2.024388024383632256e+01 4.146256465851384798e-02 -3.669573474592946383e+01 0.000000000000000000e+00 0.000000000000000000e+00
4.220000000000000000e+02 1.741083281433732282e+03 2.014350668404553701e+01 4.159653948981262284e-02 -3.820351802777260986e+01 0.000000000000000000e+00 0.000000000000000000e+00
4.230000000000000000e+02 1.744923955305015625e+03 2.003974090902002203e+01 4.173144291353714924e-02 -3.968646289215038792e+01 0.000000000000000000e+00 0.000000000000000000e+00
4.240000000000000000e+02 1.749069331895721461e+03 1.993272776207253116e+01 4.186727872588082155e-02 -4.114399413836528652e+01 0.000000000000000000e+00 0.000000000000000000e+00
4.250000000000000000e+02 1.753512082904175486e+03 1.982246995730237060e+01 4.200405219909432442e-02 -4.257553695846849706e+01 0.000000000000000000e+00 0.000000000000000000e+00
4.260000000000000000e+02 1.758251982854129437e+03 1.970904126706629711e+01 4.214176608312005662e-02 -4.398080137400761913e+01 0.000000000000000000e+00 0.000000000000000000e+00
4.270000000000000000e+02 1.763267472451089589e+03 1.959258649737744662e+01 4.228042449072641484e-02 -4.535928448353478615e+01 0.000000000000000000e+00 0.000000000000000000e+00
4.280000000000000000e+02 1.768572533271120164e+03 1.947317944334405482e+01 4.242002914030876953e-02 -4.671055523321950176e+01 0.000000000000000000e+00 0.000000000000000000e+00
4.290000000000000000e+02 1.774138530253635054e+03 1.935082296617186870e+01 4.256058309273919038e-02 -4.803425404994771952e+01 0.000000000000000000e+00 0.000000000000000000e+00
4.300000000000000000e+02 1.779965233211852137e+03 1.922559089913595542e+01 4.270208697534100956e-02 -4.932980878425179583e+01 0.000000000000000000e+00 0.000000000000000000e+00
4.310000000000000000e+02 1.786052407403560437e+03 1.909769899467706367e+01 4.284454265632967052e-02 -5.059693191819835079e+01 0.000000000000000000e+00 0.000000000000000000e+00
4.320000000000000000e+02 1.792385600068655776e+03 1.896707916156406526e+01 4.298794966728021472e-02 -5.183519449342173147e+01 0.000000000000000000e+00 0.000000000000000000e+00
4.330000000000000000e+02 1.798971694405374137e+03 1.883380530917779438e+01 4.313230883361977852e-02 -5.304402602542595702e+01 0.000000000000000000e+00 0.000000000000000000e+00
4.340000000000000000e+02 1.805789152245323294e+03 1.869802233828873739e+01 4.327761859631278768e-02 -5.422314085507981929e+01 0.000000000000000000e+00 0.000000000000000000e+00
4.350000000000000000e+02 1.812844837885262677e+03 1.855966219456877653e+01 4.342387868789240879e-02 -5.537196982377977150e+01 0.000000000000000000e+00 0.000000000000000000e+00
4.360000000000000000e+02 1.820131396123919785e+03 1.841886992135606960e+01 4.357108650772959640e-02 -5.649015729266411512e+01 0.000000000000000000e+00 0.000000000000000000e+00
4.370000000000000000e+02 1.827641516490494269e+03 1.827564848542844800e+01 4.371924064305503926e-02 -5.757727734733439462e+01 0.000000000000000000e+00 0.000000000000000000e+00
4.380000000000000000e+02 1.835367852132417283e+03 1.813014280941680667e+01 4.386833735078549817e-02 -5.863290484397363400e+01 0.000000000000000000e+00 0.000000000000000000e+00
4.390000000000000000e+02 1.843310167069242425e+03 1.798235590596301847e+01 4.401837410134075423e-02 -5.965661495723641394e+01 0.000000000000000000e+00 0.000000000000000000e+00
4.400000000000000000e+02 1.851454028106492842e+03 1.783236191645569590e+01 4.416934601545598887e-02 -6.064819613585626712e+01 0.000000000000000000e+00 0.000000000000000000e+00
4.410000000000000000e+02 1.859792139206690763e+03 1.768030560662682760e+01 4.432124945512586067e-02 -6.160729561309042879e+01 0.000000000000000000e+00 0.000000000000000000e+00
4.420000000000000000e+02 1.868310081837180405e+03 1.752619016050828193e+01 4.447407838294104715e-02 -6.253363212136220994e+01 0.000000000000000000e+00 0.000000000000000000e+00
4.430000000000000000e+02 1.877007625325393974e+03 1.737016040756088131e+01 4.462782799691632218e-02 -6.342678371299142981e+01 0.000000000000000000e+00 0.000000000000000000e+00
4.440000000000000000e+02 1.885870354402101839e+03 1.721229039881963629e+01 4.478249109210546280e-02 -6.428654081142617827e+01 0.000000000000000000e+00 0.000000000000000000e+00
4.450000000000000000e+02 1.894890977718163867e+03 1.705258334390507002e+01 4.493806179384726013e-02 -6.511262452080970320e+01 0.000000000000000000e+00 0.000000000000000000e+00
4.460000000000000000e+02 1.904062182084884398e+03 1.689125482658756638e+01 4.509453188694208942e-02 -6.590475554699095539e+01 0.000000000000000000e+00 0.000000000000000000e+00
4.470000000000000000e+02 1.913376649848646366e+03 1.672830800977446586e+01 4.525189439983080819e-02 -6.666293895334426622e+01 0.000000000000000000e+00 0.000000000000000000e+00
4.480000000000000000e+02 1.922841206609391747e+03 1.656388767122609806e+01 4.541013991595161531e-02 -6.738696703231121887e+01 0.000000000000000000e+00 0.000000000000000000e+00
4.490000000000000000e+02 1.932441473116051611e+03 1.639806788384465719e+01 4.556926030220771057e-02 -6.807670470438543475e+01 0.000000000000000000e+00 0.000000000000000000e+00
4.500000000000000000e+02 1.942170143882733328e+03 1.623085187455524547e+01 4.572924503623446157e-02 -6.873208655903179931e+01 0.000000000000000000e+00 0.000000000000000000e+00
4.510000000000000000e+02 1.952026976490032666e+03 1.606245507891632229e+01 4.589008497126124964e-02 -6.935297892096018302e+01 0.000000000000000000e+00 0.000000000000000000e+00
4.520000000000000000e+02 1.962011742785314254e+03 1.589288055537351418e+01 4.605176854492150362e-02 -6.993917647985513497e+01 0.000000000000000000e+00 0.000000000000000000e+00
4.530000000000000000e+02 1.972103036656243603e+03 1.572227285488163950e+01 4.621428554453770737e-02 -7.049054755816717943e+01 0.000000000000000000e+00 0.000000000000000000e+00
4.540000000000000000e+02 1.982300662225490896e+03 1.555070568662161890e+01 4.637762330051085208e-02 -7.100688785233769806e+01 0.000000000000000000e+00 0.000000000000000000e+00
4.550000000000000000e+02 1.992590272223574175e+03 1.537825290199726247e+01 4.654177055130485907e-02 -7.148806655143141597e+01 0.000000000000000000e+00 0.000000000000000000e+00
4.560000000000000000e+02 2.002964608064665981e+03 1.520498834385542608e+01 4.670671358241162974e-02 -7.193388152154592774e+01 0.000000000000000000e+00 0.000000000000000000e+00
4.570000000000000000e+02 2.013416404442079283e+03 1.503098582126610694e+01 4.687244011745465150e-02 -7.234420317369253439e+01 0.000000000000000000e+00 0.000000000000000000e+00
4.580000000000000000e+02 2.023931372067009761e+03 1.485638959516550628e+01 4.703893530731610012e-02 -7.271875986258541502e+01 0.000000000000000000e+00 0.000000000000000000e+00
4.590000000000000000e+02 2.034495175919117855e+03 1.468127341438601974e+01 4.720618583603702206e-02 -7.305763469495919082e+01 0.000000000000000000e+00 0.000000000000000000e+00
4.600000000000000000e+02 2.045121759235657692e+03 1.450571112465496526e+01 4.737417584322609759e-02 -7.336091142804401954e+01 0.000000000000000000e+00 0.000000000000000000e+00
4.610000000000000000e+02 2.055782674109496838e+03 1.432977640045516665e+01 4.754289106629119160e-02 -7.362789640744803421e+01 0.000000000000000000e+00 0.000000000000000000e+00
4.620000000000000000e+02 2.066498925196016899e+03 1.415368390076770844e+01 4.771231465230704738e-02 -7.386071867373233601e+01 0.000000000000000000e+00 0.000000000000000000e+00
4.630000000000000000e+02 2.077242068589889641e+03 1.397750720744350872e+01 4.788243131077454806e-02 -7.405798102518598114e+01 0.000000000000000000e+00 0.000000000000000000e+00
4.640000000000000000e+02 2.088033099660063272e+03 1.380131993215109532e+01 4.805322328161236445e-02 -7.422040411850765906e+01 0.000000000000000000e+00 0.000000000000000000e+00
4.650000000000000000e+02 2.098843593939262973e+03 1.362526622258763709e+01 4.822467431946417249e-02 -7.434800107775492961e+01 0.000000000000000000e+00 0.000000000000000000e+00
4.660000000000000000e+02 2.109687481908060818e+03 1.344941947937553195e+01 4.839676577826572401e-02 -7.444149220870146166e+01 0.000000000000000000e+00 0.000000000000000000e+00
4.670000000000000000e+02 2.120550459004048662e+03 1.327392368571487502e+01 4.856948050560761648e-02 -7.450018772019991786e+01 0.000000000000000000e+00 0.000000000000000000e+00
4.680000000000000000e+02 2.131418272677975892e+03 1.309885224072037424e+01 4.874279891970854234e-02 -7.452480971512626695e+01 0.000000000000000000e+00 0.000000000000000000e+00
4.690000000000000000e+02 2.142290736362939242e+03 1.292427881122785749e+01 4.891670297198386086e-02 -7.451537272177603199e+01 0.000000000000000000e+00 0.000000000000000000e+00
4.700000000000000000e+02 2.153153603580733034e+03 1.275027669973119337e+01 4.909117233444856843e-02 -7.447189545506245167e+01 0.000000000000000000e+00 0.000000000000000000e+00
4.710000000000000000e+02 2.163992625342112206e+03 1.257698962576173329e+01 4.926618812366276995e-02 -7.439369164984609029e+01 0.000000000000000000e+00 0.000000000000000000e+00
4.720000000000000000e+02 2.174807649198382023e+03 1.240456117435331507e+01 4.944172924923907753e-02 -7.428218832836699903e+01 0.000000000000000000e+00 0.000000000000000000e+00
4.730000000000000000e+02 2.185584437882326711e+03 1.223299453431744332e+01 4.961777594849614559e-02 -7.413599520894221939e+01 0.000000000000000000e+00 0.000000000000000000e+00
4.740000000000000000e+02 2.196322820290420168e+03 1.206236293020956296e+01 4.979430634167240910e-02 -7.395724287502278571e+01 0.000000000000000000e+00 0.000000000000000000e+00
4.750000000000000000e+02 2.207015611696247106e+03 1.189288005421683891e+01 4.997129991488314521e-02 -7.374454423593321906e+01 0.000000000000000000e+00 0.000000000000000000e+00
4.760000000000000000e+02 2.217662653735392269e+03 1.172461906713740554e+01 5.014873404948767821e-02 -7.349862357434837179e+01 0.000000000000000000e+00 0.000000000000000000e+00
4.770000000000000000e+02 2.228249740487948657e+03 1.155758291064074328e+01 5.032658749630879169e-02 -7.322020395402361714e+01 0.000000000000000000e+00 0.000000000000000000e+00
4.780000000000000000e+02 2.238783726885580109e+03 1.139198518533368620e+01 5.050483692670991454e-02 -7.290930504894596709e+01 0.000000000000000000e+00 0.000000000000000000e+00
4.790000000000000000e+02 2.249264465947679582e+03 1.122789861989754456e+01 5.068346039890737897e-02 -7.256693306694218393e+01 0.000000000000000000e+00 0.000000000000000000e+00
4.800000000000000000e+02 2.259670720247345798e+03 1.106546659086223983e+01 5.086243396666388639e-02 -7.219254719178736934e+01 0.000000000000000000e+00 0.000000000000000000e+00
4.810000000000000000e+02 2.270016422551037977e+03 1.090462153326317463e+01 5.104173508739757309e-02 -7.178687334791450780e+01 0.000000000000000000e+00 0.000000000000000000e+00
4.820000000000000000e+02 2.280273315558981722e+03 1.074564698984841726e+01 5.122133912643116876e-02 -7.135021355223480555e+01 0.000000000000000000e+00 0.000000000000000000e+00
4.830000000000000000e+02 2.290448311557878696e+03 1.058854521236431623e+01 5.140122285661263141e-02 -7.088294330456331238e+01 0.000000000000000000e+00 0.000000000000000000e+00
4.840000000000000000e+02 2.300527243382281085e+03 1.043345927121166739e+01 5.158136119154577842e-02 -7.038543590489385338e+01 0.000000000000000000e+00 0.000000000000000000e+00
4.850000000000000000e+02 2.310495960959823606e+03 1.028046180515483421e+01 5.176173039472760362e-02 -6.985799720658748413e+01 0.000000000000000000e+00 0.000000000000000000e+00
4.860000000000000000e+02 2.320361360458424770e+03 1.012962541806331984e+01 5.194230491267880223e-02 -6.930107151045230296e+01 0.000000000000000000e+00 0.000000000000000000e+00
4.870000000000000000e+02 2.330109303075083062e+03 9.981022503664062739e+00 5.212306046561056977e-02 -6.871496510488205445e+01 0.000000000000000000e+00 0.000000000000000000e+00
4.880000000000000000e+02 2.339732667599042088e+03 9.834865827707576003e+00 5.230397094666575097e-02 -6.810019357991080824e+01 0.000000000000000000e+00 0.000000000000000000e+00
4.890000000000000000e+02 2.349238357581599303e+03 9.691087548790491724e+00 5.248501162979477691e-02 -6.745727340814576678e+01 0.000000000000000000e+00 0.000000000000000000e+00
4.900000000000000000e+02 2.358612247853830922e+03 9.549900035599081960e+00 5.266615600617914617e-02 -6.678665046504393388e+01 0.000000000000000000e+00 0.000000000000000000e+00
4.910000000000000000e+02 2.367854245405248093e+03 9.411375609414035281e+00 5.284737901613202615e-02 -6.608891187934466416e+01 0.000000000000000000e+00 0.000000000000000000e+00
4.920000000000000000e+02 2.376964243090676064e+03 9.275516356907385074e+00 5.302865381939157047e-02 -6.536443392532396501e+01 0.000000000000000000e+00 0.000000000000000000e+00
4.930000000000000000e+02 2.385942129057208149e+03 9.142464542082885615e+00 5.320995495664419123e-02 -6.461387445890227355e+01 0.000000000000000000e+00 0.000000000000000000e+00
4.940000000000000000e+02 2.394780820042196865e+03 9.012361863466940903e+00 5.339125519161831701e-02 -6.383754023336450700e+01 0.000000000000000000e+00 0.000000000000000000e+00
4.950000000000000000e+02 2.403473224321843645e+03 8.885280370912546744e+00 5.357252878161902071e-02 -6.303615907240215677e+01 0.000000000000000000e+00 0.000000000000000000e+00
4.960000000000000000e+02 2.412019271737803138e+03 8.761221929551737730e+00 5.375374821952458998e-02 -6.221010860753783334e+01 0.000000000000000000e+00 0.000000000000000000e+00
4.970000000000000000e+02 2.420404882754574828e+03 8.640328410777870616e+00 5.393488757723588489e-02 -6.135997663712643657e+01 0.000000000000000000e+00 0.000000000000000000e+00
4.980000000000000000e+02 2.428630003225398013e+03 8.522671320295122754e+00 5.411591909716977761e-02 -6.048635111035745382e+01 0.000000000000000000e+00 0.000000000000000000e+00
4.990000000000000000e+02 2.436687567832024797e+03 8.408322324504130307e+00 5.429681672378058876e-02 -5.958975041335050804e+01 0.000000000000000000e+00 0.000000000000000000e+00
5.000000000000000000e+02 2.444570538733547892e+03 8.297422779896788114e+00 5.447755242559242789e-02 -5.867062322861433898e+01 0.000000000000000000e+00 0.000000000000000000e+00
5.010000000000000000e+02 2.452271873525141928e+03 8.189974172871355762e+00 5.465810008391387698e-02 -5.772962761024060541e+01 0.000000000000000000e+00 0.000000000000000000e+00
5.020000000000000000e+02 2.459791512564825098e+03 8.086117572978157142e+00 5.483843146528155632e-02 -5.676742129263238468e+01 0.000000000000000000e+00 0.000000000000000000e+00
5.030000000000000000e+02 2.467122404554848799e+03 7.985853968259897684e+00 5.501852039900875097e-02 -5.578452168112664822e+01 0.000000000000000000e+00 0.000000000000000000e+00
5.040000000000000000e+02 2.474264482113667782e+03 7.889394023942172929e+00 5.519833858231254498e-02 -5.478179590622090700e+01 0.000000000000000000e+00 0.000000000000000000e+00
5.050000000000000000e+02 2.481224668337127696e+03 7.796668810958316875e+00 5.537785985937038191e-02 -5.375983115264074286e+01 0.000000000000000000e+00 0.000000000000000000e+00
5.060000000000000000e+02 2.487988941263129618e+03 7.707818949942570441e+00 5.555705594726190188e-02 -5.271928525839963697e+01 0.000000000000000000e+00 0.000000000000000000e+00
5.070000000000000000e+02 2.494564243134184835e+03 7.622928846433103978e+00 5.573590069325353585e-02 -5.166081550851724558e+01 0.000000000000000000e+00 0.000000000000000000e+00
5.080000000000000000e+02 2.500943548584047676e+03 7.542068961550739026e+00 5.591436581856729093e-02 -5.058514921785205587e+01 0.000000000000000000e+00 0.000000000000000000e+00
5.090000000000000000e+02 2.507119834345375239e+03 7.465295777155529500e+00 5.609242527567084857e-02 -4.949294339951969590e+01 0.000000000000000000e+00 0.000000000000000000e+00
5.100000000000000000e+02 2.513107026028438213e+03 7.392672631906577863e+00 5.627005094534241053e-02 -4.838492548746729227e+01 0.000000000000000000e+00 0.000000000000000000e+00
5.110000000000000000e+02 2.518884153611860711e+03 7.324255758012062856e+00 5.644721691522915780e-02 -4.726168287024253800e+01 0.000000000000000000e+00 0.000000000000000000e+00
5.120000000000000000e+02 2.524465144082839743e+03 7.260101276443847951e+00 5.662389524205763136e-02 -4.612394258169167216e+01 0.000000000000000000e+00 0.000000000000000000e+00
5.130000000000000000e+02 2.529836036322630207e+03 7.200279216850700159e+00 5.680006019289143143e-02 -4.497243148187678941e+01 0.000000000000000000e+00 0.000000000000000000e+00
5.140000000000000000e+02 2.534996819211653019e+03 7.144845438837167606e+00 5.697568399718193344e-02 -4.380773710428560719e+01 0.000000000000000000e+00 0.000000000000000000e+00
5.150000000000000000e+02 2.539947474869332837e+03 7.093848868810977315e+00 5.715074123712595572e-02 -4.263058613576392730e+01 0.000000000000000000e+00 0.000000000000000000e+00
5.160000000000000000e+02 2.544687989924370868e+03 7.047352154572930516e+00 5.732520436895812560e-02 -4.144177459517010220e+01 0.000000000000000000e+00 0.000000000000000000e+00
5.170000000000000000e+02 2.549211410829379474e+03 7.005397028748610921e+00 5.749904830977865117e-02 -4.024188958858164256e+01 0.000000000000000000e+00 0.000000000000000000e+00
5.180000000000000000e+02 2.553510784609467009e+03 6.968045940118659409e+00 5.767224581393996102e-02 -3.903172692963607915e+01 0.000000000000000000e+00 0.000000000000000000e+00
5.190000000000000000e+02 2.557593085966807394e+03 6.935340404919566382e+00 5.784477216796655302e-02 -3.781201274351893460e+01 0.000000000000000000e+00 0.000000000000000000e+00
5.200000000000000000e+02 2.561444408839999596e+03 6.907328711645903674e+00 5.801660046901110229e-02 -3.658340300706532133e+01 0.000000000000000000e+00 0.000000000000000000e+00
5.210000000000000000e+02 2.565071745395157450e+03 6.884066056095917041e+00 5.818770644594378066e-02 -3.534669323348808945e+01 0.000000000000000000e+00 0.000000000000000000e+00
5.220000000000000000e+02 2.568468173389258482e+03 6.865593554247193531e+00 5.835806360982468549e-02 -3.410253912436202484e+01 0.000000000000000000e+00 0.000000000000000000e+00
5.230000000000000000e+02 2.571626769667109784e+03 6.851952281567935898e+00 5.852764819518099793e-02 -3.285166600241772272e+01 0.000000000000000000e+00 0.000000000000000000e+00
5.240000000000000000e+02 2.574561486969521411e+03 6.843169286016811625e+00 5.869643418911170418e-02 -3.159486812293119229e+01 0.000000000000000000e+00 0.000000000000000000e+00
5.250000000000000000e+02 2.577258438821805612e+03 6.839278495842161298e+00 5.886439832152456225e-02 -3.033280094392729254e+01 0.000000000000000000e+00 0.000000000000000000e+00
5.260000000000000000e+02 2.579731589191983858e+03 6.840306739983429196e+00 5.903151507387596059e-02 -2.906618895719670093e+01 0.000000000000000000e+00 0.000000000000000000e+00
5.270000000000000000e+02 2.581974022291500660e+03 6.846287682156520837e+00 5.919776174619393455e-02 -2.779575634233351522e+01 0.000000000000000000e+00 0.000000000000000000e+00
5.280000000000000000e+02 2.583985813015451185e+03 6.857254896862815308e+00 5.936311339473244325e-02 -2.652229648835551146e+01 0.000000000000000000e+00 0.000000000000000000e+00
5.290000000000000000e+02 2.585767000753683988e+03 6.873227951672044256e+00 5.952754797439814560e-02 -2.524639417870530167e+01 0.000000000000000000e+00 0.000000000000000000e+00
5.300000000000000000e+02 2.587324613758087708e+03 6.894226348170773733e+00 5.969104121377961925e-02 -2.396898106260308836e+01 0.000000000000000000e+00 0.000000000000000000e+00
5.310000000000000000e+02 2.588644822251769710e+03 6.920283277668310085e+00 5.985357170672392368e-02 -2.269071010500057284e+01 0.000000000000000000e+00 0.000000000000000000e+00
5.320000000000000000e+02 2.589741595446746942e+03 6.951404210683524987e+00 6.001511579621757186e-02 -2.141251214444729456e+01 0.000000000000000000e+00 0.000000000000000000e+00
5.330000000000000000e+02 2.590608065290671220e+03 6.987608243995537372e+00 6.017565276857920337e-02 -2.013497044641075462e+01 0.000000000000000000e+00 0.000000000000000000e+00
5.340000000000000000e+02 2.591237388151727373e+03 7.028914462307341182e+00 6.033515964520373004e-02 -1.885901483345280383e+01 0.000000000000000000e+00 0.000000000000000000e+00
5.350000000000000000e+02 2.591643534702907800e+03 7.075348659223567260e+00 6.049361654784964765e-02 -1.758529680185510813e+01 0.000000000000000000e+00 0.000000000000000000e+00
5.360000000000000000e+02 2.591812722662880333e+03 7.126915836919085478e+00 6.065100121900373481e-02 -1.631474515536455883e+01 0.000000000000000000e+00 0.000000000000000000e+00
5.370000000000000000e+02 2.591758908262809200e+03 7.183620803354962447e+00 6.080729458422031580e-02 -1.504794164775872112e+01 0.000000000000000000e+00 0.000000000000000000e+00
5.380000000000000000e+02 2.591475258087597922e+03 7.245475334779603926e+00 6.096247516638642061e-02 -1.378567546667512822e+01 0.000000000000000000e+00 0.000000000000000000e+00
5.390000000000000000e+02 2.590968829839006958e+03 7.312470150867412144e+00 6.111652475154545627e-02 -1.252873515464999699e+01 0.000000000000000000e+00 0.000000000000000000e+00
5.400000000000000000e+02 2.590225879092100968e+03 7.384609897965995096e+00 6.126942269305112043e-02 -1.127777042263101670e+01 0.000000000000000000e+00 0.000000000000000000e+00
5.410000000000000000e+02 2.589267282363801314e+03 7.461905844379669084e+00 6.142115169535469765e-02 -1.003349987646760688e+01 0.000000000000000000e+00 0.000000000000000000e+00
5.420000000000000000e+02 2.588086235408171433e+03 7.544348487544178639e+00 6.157169197935701693e-02 -8.796710359652411881e+00 0.000000000000000000e+00 0.000000000000000000e+00
5.430000000000000000e+02 2.586675963128733201e+03 7.631935172567980707e+00 6.172102715334108758e-02 -7.568070839257934779e+00 0.000000000000000000e+00 0.000000000000000000e+00
5.440000000000000000e+02 2.585050415442978647e+03 7.724663042838346705e+00 6.186913835468408479e-02 -6.348291202655893528e+00 0.000000000000000000e+00 0.000000000000000000e+00
5.450000000000000000e+02 2.583209708889258309e+03 7.822501634072994925e+00 6.201601012011819652e-02 -5.138032671743357760e+00 0.000000000000000000e+00 0.000000000000000000e+00
5.460000000000000000e+02 2.581147084010239723e+03 7.925454771975655177e+00 6.216162457697781835e-02 -3.937962492183569641e+00 0.000000000000000000e+00 0.000000000000000000e+00
5.470000000000000000e+02 2.578869598391022919e+03 8.033491926473924849e+00 6.230596724738408920e-02 -2.748761556599943034e+00 0.000000000000000000e+00 0.000000000000000000e+00
5.480000000000000000e+02 2.576377404256529644e+03 8.146540607098616604e+00 6.244902131521588851e-02 -1.571082168038711480e+00 0.000000000000000000e+00 0.000000000000000000e+00
5.490000000000000000e+02 2.573670637262271612e+03 8.264735831290771273e+00 6.259077324704948042e-02 -4.056129515943939223e-01 0.000000000000000000e+00 0.000000000000000000e+00
5.500000000000000000e+02 2.570749464300616182e+03 8.387866789900920494e+00 6.273120731044364018e-02 7.469873290035103919e-01 0.000000000000000000e+00 0.000000000000000000e+00
5.510000000000000000e+02 2.567627843591816600e+03 8.516068397901664255e+00 6.287031097403129876e-02 1.886027674006819144e+00 0.000000000000000000e+00 0.000000000000000000e+00
5.520000000000000000e+02 2.564292147039916927e+03 8.649199177751029310e+00 6.300806955669033260e-02 3.010820574480034928e+00 0.000000000000000000e+00 0.000000000000000000e+00
5.530000000000000000e+02 2.560756327260234229e+03 8.787256006403554309e+00 6.314447159476982430e-02 4.120677529751920254e+00 0.000000000000000000e+00 0.000000000000000000e+00
5.540000000000000000e+02 2.557027446573404177e+03 8.930235341897622803e+00 6.327950349630069582e-02 5.214924473637621460e+00 0.000000000000000000e+00 0.000000000000000000e+00
5.550000000000000000e+02 2.553098802991377852e+03 9.078064788362985027e+00 6.341315489918990245e-02 6.292867495343626771e+00 0.000000000000000000e+00 0.000000000000000000e+00
5.560000000000000000e+02 2.548970572526534852e+03 9.230740748036378562e+00 6.354541333490075494e-02 7.353820283704668448e+00 0.000000000000000000e+00 0.000000000000000000e+00
5.570000000000000000e+02 2.544663590342959651e+03 9.388190593016419783e+00 6.367626958146553606e-02 8.397166256311281884e+00 0.000000000000000000e+00 0.000000000000000000e+00
5.580000000000000000e+02 2.540164271856333471e+03 9.550410571712125929e+00 6.380571229438880554e-02 9.422192821708607724e+00 0.000000000000000000e+00 0.000000000000000000e+00
5.590000000000000000e+02 2.535479701423628740e+03 9.717327775333206574e+00 6.393373337648644572e-02 1.042840188837365112e+01 0.000000000000000000e+00 0.000000000000000000e+00
5.600000000000000000e+02 2.530610066812607784e+03 9.888938544208416559e+00 6.406032265602497333e-02 1.141515819349596228e+01 0.000000000000000000e+00 0.000000000000000000e+00
5.610000000000000000e+02 2.525569317687840339e+03 1.006510077455155638e+01 6.418547315583328361e-02 1.238182716063719546e+01 0.000000000000000000e+00 0.000000000000000000e+00
5.620000000000000000e+02 2.520343903419414346e+03 1.024587945468484307e+01 6.430917589108851862e-02 1.332798166128386796e+01 0.000000000000000000e+00 0.000000000000000000e+00
5.630000000000000000e+02 2.514947768447454109e+03 1.043113248810859162e+01 6.443142513045374553e-02 1.425285140261287609e+01 0.000000000000000000e+00 0.000000000000000000e+00
5.640000000000000000e+02 2.509388004404373532e+03 1.062085572969326819e+01 6.455221310257894252e-02 1.515594212210707603e+01 0.000000000000000000e+00 0.000000000000000000e+00
5.650000000000000000e+02 2.503651058831423597e+03 1.081497575105738385e+01 6.467153526483916670e-02 1.603675971287260182e+01 0.000000000000000000e+00 0.000000000000000000e+00
5.660000000000000000e+02 2.497750917271062917e+03 1.101348822305732789e+01 6.478938501925177174e-02 1.689481140406750370e+01 0.000000000000000000e+00 0.000000000000000000e+00
5.670000000000000000e+02 2.491694621671185814e+03 1.121618240394525756e+01 6.490575898669770361e-02 1.772946748626981872e+01 0.000000000000000000e+00 0.000000000000000000e+00
5.680000000000000000e+02 2.485475536748137529e+03 1.142312238609913599e+01 6.502065182348643058e-02 1.854030558073800705e+01 0.000000000000000000e+00 0.000000000000000000e+00
5.690000000000000000e+02 2.479100762802383088e+03 1.163423449718384717e+01 6.513406138595709272e-02 1.932683475432825659e+01 0.000000000000000000e+00 0.000000000000000000e+00
5.700000000000000000e+02 2.472570527389133531e+03 1.184937671022544237e+01 6.524598361683624226e-02 2.008856570299094457e+01 0.000000000000000000e+00 0.000000000000000000e+00
5.710000000000000000e+02 2.465891896637285299e+03 1.206854427907808969e+01 6.535641760515721599e-02 2.082494076004958217e+01 0.000000000000000000e+00 0.000000000000000000e+00
5.720000000000000000e+02 2.459071966612426877e+03 1.229159477180268567e+01 6.546536047886404586e-02 2.153567783490554532e+01 0.000000000000000000e+00 0.000000000000000000e+00
5.730000000000000000e+02 2.452110970577517037e+03 1.251852325881707095e+01 6.557281254636670997e-02 2.222022080071164041e+01 0.000000000000000000e+00 0.000000000000000000e+00
5.740000000000000000e+02 2.445009131384750162e+03 1.274925582072349428e+01 6.567877216517675754e-02 2.287828901399264581e+01 0.000000000000000000e+00 0.000000000000000000e+00
5.750000000000000000e+02 2.437787250018869145e+03 1.298365035198786543e+01 6.578324090851558892e-02 2.350953348971843582e+01 0.000000000000000000e+00 0.000000000000000000e+00
5.760000000000000000e+02 2.430431825917892183e+03 1.322170139968663172e+01 6.588621838386400642e-02 2.411353801577270062e+01 0.000000000000000000e+00 0.000000000000000000e+00
5.770000000000000000e+02 2.422963670153449584e+03 1.346326675250769789e+01 6.598770744487372775e-02 2.468988744318250284e+01 0.000000000000000000e+00 0.000000000000000000e+00
5.780000000000000000e+02 2.415376157415451416e+03 1.370827230184407597e+01 6.608770887346207545e-02 2.523816710526820017e+01 0.000000000000000000e+00 0.000000000000000000e+00
5.790000000000000000e+02 2.407676379321027980e+03 1.395671268067238735e+01 6.618622678718294461e-02 2.575816845354886198e+01 0.000000000000000000e+00 0.000000000000000000e+00
5.800000000000000000e+02 2.399871399934958845e+03 1.420837684639145948e+01 6.628326315364112264e-02 2.624947838048874260e+01 0.000000000000000000e+00 0.000000000000000000e+00
5.810000000000000000e+02 2.391968294015658103e+03 1.446325943990404284e+01 6.637882338425442341e-02 2.671168537024546197e+01 0.000000000000000000e+00 0.000000000000000000e+00
5.820000000000000000e+02 2.383967321915900811e+03 1.472121784188612814e+01 6.647291067051622204e-02 2.714444651808393871e+01 0.000000000000000000e+00 0.000000000000000000e+00
5.830000000000000000e+02 2.375868702577738532e+03 1.498217781059610765e+01 6.656553170215477599e-02 2.754748853244448625e+01 0.000000000000000000e+00 0.000000000000000000e+00
5.840000000000000000e+02 2.367686362514283246e+03 1.524613370919028732e+01 6.665669083241164417e-02 2.792040202001798122e+01 0.000000000000000000e+00 0.000000000000000000e+00
5.850000000000000000e+02 2.359420514099484990e+03 1.551280625077205322e+01 6.674639597495542198e-02 2.826291601723389491e+01 0.000000000000000000e+00 0.000000000000000000e+00
5.860000000000000000e+02 2.351071441421153395e+03 1.578225796119921398e+01 6.683465262899676573e-02 2.857469095488731625e+01 0.000000000000000000e+00 0.000000000000000000e+00
5.870000000000000000e+02 2.342646165105858017e+03 1.605434605936483905e+01 6.692146997082748516e-02 2.885559365957163536e+01 0.000000000000000000e+00 0.000000000000000000e+00
5.880000000000000000e+02 2.334158616859153881e+03 1.632892823848276720e+01 6.700685470641343233e-02 2.910535474687167223e+01 0.000000000000000000e+00 0.000000000000000000e+00
5.890000000000000000e+02 2.325595347974808192e+03 1.660593010372292611e+01 6.709081724256722723e-02 2.932377473098165765e+01 0.000000000000000000e+00 0.000000000000000000e+00
5.900000000000000000e+02 2.316977117074271064e+03 1.688527746568951926e+01 6.717336541440799280e-02 2.951058602746518744e+01 0.000000000000000000e+00 0.000000000000000000e+00
5.910000000000000000e+02 2.308304103417084661e+03 1.716682749123962282e+01 6.725451079751258721e-02 2.966565916808646008e+01 0.000000000000000000e+00 0.000000000000000000e+00
5.920000000000000000e+02 2.299576587980835484e+03 1.745050607929610820e+01 6.733426238104335548e-02 2.978866046616122176e+01 0.000000000000000000e+00 0.000000000000000000e+00
5.930000000000000000e+02 2.290801617644189719e+03 1.773617067621141885e+01 6.741263293713080362e-02 2.987953016970634934e+01 0.000000000000000000e+00 0.000000000000000000e+00
5.940000000000000000e+02 2.281979437892947317e+03 1.802374683694522872e+01 6.748963261508744704e-02 2.993814058323252425e+01 0.000000000000000000e+00 0.000000000000000000e+00
5.950000000000000000e+02 2.273123890395510443e+03 1.831309204910935406e+01 6.756527531498347783e-02 2.996436529129010040e+01 0.000000000000000000e+00 0.000000000000000000e+00
5.960000000000000000e+02 2.264235207239240481e+03 1.860413195746469128e+01 6.763957225740659107e-02 2.995807902472785855e+01 0.000000000000000000e+00 0.000000000000000000e+00
5.970000000000000000e+02 2.255313656916657692e+03 1.889672422667527130e+01 6.771253845854798004e-02 2.991908887368059311e+01 0.000000000000000000e+00 0.000000000000000000e+00
5.980000000000000000e+02 2.246366262238243507e+03 1.919072624517612269e+01 6.778418621421525292e-02 2.984740749532705451e+01 0.000000000000000000e+00 0.000000000000000000e+00
5.990000000000000000e+02 2.237400067487413708e+03 1.948613179338002865e+01 6.785453164518089053e-02 2.974284396956840126e+01 0.000000000000000000e+00 0.000000000000000000e+00
6.000000000000000000e+02 2.228415285008102273e+03 1.978273022537783987e+01 6.792358815430839247e-02 2.960541264678392182e+01 0.000000000000000000e+00 0.000000000000000000e+00
6.010000000000000000e+02 2.219425789491244814e+03 2.008044761477092166e+01 6.799137291018357565e-02 2.943512729023299812e+01 0.000000000000000000e+00 0.000000000000000000e+00
6.020000000000000000e+02 2.210418156695203834e+03 2.037914149542543285e+01 6.805790036311895608e-02 2.923206896693965007e+01 0.000000000000000000e+00 0.000000000000000000e+00
6.030000000000000000e+02 2.201419836218557975e+03 2.067873793979842034e+01 6.812318865820633784e-02 2.899611489444683343e+01 0.000000000000000000e+00 0.000000000000000000e+00
6.040000000000000000e+02 2.192417416220812356e+03 2.097909486158956938e+01 6.818725320833822490e-02 2.872734740374934859e+01 0.000000000000000000e+00 0.000000000000000000e+00
6.050000000000000000e+02 2.183417951386571985e+03 2.128007038130379414e+01 6.825011319313774305e-02 2.842578102824407438e+01 0.000000000000000000e+00 0.000000000000000000e+00
6.060000000000000000e+02 2.174435216391971608e+03 2.158159029726178346e+01 6.831178499960369188e-02 2.809149960581927274e+01 0.000000000000000000e+00 0.000000000000000000e+00
6.070000000000000000e+02 2.165462631292612969e+03 2.188358067918008132e+01 6.837228883487407594e-02 2.772445194456479101e+01 0.000000000000000000e+00 0.000000000000000000e+00
6.080000000000000000e+02 2.156513976121198993e+03 2.218583175079895753e+01 6.843164200274723385e-02 2.732479101358929086e+01 0.000000000000000000e+00 0.000000000000000000e+00
6.090000000000000000e+02 2.147596261333472285e+03 2.248826966122254944e+01 6.848986560359653086e-02 2.689267053992439571e+01 0.000000000000000000e+00 0.000000000000000000e+00
6.100000000000000000e+02 2.138696101742769770e+03 2.279075285828878350e+01 6.854697777928395186e-02 2.642810957696459084e+01 0.000000000000000000e+00 0.000000000000000000e+00
6.110000000000000000e+02 2.129840858598613522e+03 2.309307180690562333e+01 6.860300051915282915e-02 2.593119620509443735e+01 0.000000000000000000e+00 0.000000000000000000e+00
6.120000000000000000e+02 2.121017166740471112e+03 2.339522069049661468e+01 6.865795283633301105e-02 2.540201898414250792e+01 0.000000000000000000e+00 0.000000000000000000e+00
6.130000000000000000e+02 2.112231978973588411e+03 2.369705760999963218e+01 6.871185757295453223e-02 2.484073507381758716e+01 0.000000000000000000e+00 0.000000000000000000e+00
6.140000000000000000e+02 2.103505855829246229e+03 2.399844150693100531e+01 6.876473454392002804e-02 2.424756993471807576e+01 0.000000000000000000e+00 0.000000000000000000e+00
6.150000000000000000e+02 2.094818632461143807e+03 2.429923105350349744e+01 6.881660739690345641e-02 2.362274958995942598e+01 0.000000000000000000e+00 0.000000000000000000e+00
6.160000000000000000e+02 2.086197617808073574e+03 2.459935260010949065e+01 6.886749666615968324e-02 2.296663620681685103e+01 0.000000000000000000e+00 0.000000000000000000e+00
6.170000000000000000e+02 2.077636186136394826e+03 2.489873218541603705e+01 6.891742673803606667e-02 2.227938945797701109e+01 0.000000000000000000e+00 0.000000000000000000e+00
6.180000000000000000e+02 2.069141327858773366e+03 2.519729676595196111e+01 6.896641889033891526e-02 2.156137289497948828e+01 0.000000000000000000e+00 0.000000000000000000e+00
6.190000000000000000e+02 2.060713215035143548e+03 2.549476975797437106e+01 6.901449823247875204e-02 2.081281524752190393e+01 0.000000000000000000e+00 0.000000000000000000e+00
6.200000000000000000e+02 2.052358788263480619e+03 2.579121303732580373e+01 6.906168673839267746e-02 2.003401377556861007e+01 0.000000000000000000e+00 0.000000000000000000e+00
6.210000000000000000e+02 2.044091692452564757e+03 2.608648561948379552e+01 6.910801019847262472e-02 1.922519853000603263e+01 0.000000000000000000e+00 0.000000000000000000e+00
6.220000000000000000e+02 2.035905395861403349e+03 2.638031157662884141e+01 6.915349125889468096e-02 1.838673531398892536e+01 0.000000000000000000e+00 0.000000000000000000e+00
6.230000000000000000e+02 2.027800047408515638e+03 2.667275313452735119e+01 6.919815638050122453e-02 1.751892310098356731e+01 0.000000000000000000e+00 0.000000000000000000e+00
6.240000000000000000e+02 2.019789329261642479e+03 2.696360168149928072e+01 6.924202876536635076e-02 1.662199409708231812e+01 0.000000000000000000e+00 0.000000000000000000e+00
6.250000000000000000e+02 2.011873360387693992e+03 2.725278432303620235e+01 6.928513552005710618e-02 1.569624869736045802e+01 0.000000000000000000e+00 0.000000000000000000e+00
6.260000000000000000e+02 2.004059085529546110e+03 2.754009341918398590e+01 6.932750032425322173e-02 1.474205532780033323e+01 0.000000000000000000e+00 0.000000000000000000e+00
6.270000000000000000e+02 1.996339880196649347e+03 2.782545620741858627e+01 6.936915084691278044e-02 1.375964819311413478e+01 0.000000000000000000e+00 0.000000000000000000e+00
6.280000000000000000e+02 1.988736151942539891e+03 2.810873228244932776e+01 6.941011124298528123e-02 1.274939683891538067e+01 0.000000000000000000e+00 0.000000000000000000e+00
6.290000000000000000e+02 1.981234505792040181e+03 2.838984895266573005e+01 6.945040971527419171e-02 1.171180609259275585e+01 0.000000000000000000e+00 0.000000000000000000e+00
6.300000000000000000e+02 1.973848624020002717e+03 2.866873390224932194e+01 6.949007082096883559e-02 1.064724633440406443e+01 0.000000000000000000e+00 0.000000000000000000e+00
6.310000000000000000e+02 1.966578609832374696e+03 2.894511224906674585e+01 6.952912324024228263e-02 9.556088719013905219e+00 0.000000000000000000e+00 0.000000000000000000e+00
6.320000000000000000e+02 1.959424584702986522e+03 2.921904669844956359e+01 6.956759182398190855e-02 8.438839884962726856e+00 0.000000000000000000e+00 0.000000000000000000e+00
6.330000000000000000e+02 1.952400150976656278e+03 2.949033009329419741e+01 6.960550565773543363e-02 7.295804532836704936e+00 0.000000000000000000e+00 0.000000000000000000e+00
6.340000000000000000e+02 1.945498689484656097e+03 2.975882316264280192e+01 6.964288993717908383e-02 6.127490108375647893e+00 0.000000000000000000e+00 0.000000000000000000e+00
6.350000000000000000e+02 1.938727052642723493e+03 3.002452126457207982e+01 6.967977404836540878e-02 4.934377331467353578e+00 0.000000000000000000e+00 0.000000000000000000e+00
6.360000000000000000e+02 1.932092059554305933e+03 3.028721759214844056e+01 6.971618350454754365e-02 3.716927220830492651e+00 0.000000000000000000e+00 0.000000000000000000e+00
6.370000000000000000e+02 1.925593832551021478e+03 3.054690797732025587e+01 6.975214791053992169e-02 2.475641553365778069e+00 0.000000000000000000e+00 0.000000000000000000e+00
6.380000000000000000e+02 1.919232450837693705e+03 3.080338600375192115e+01 6.978769301939981295e-02 1.211022586822183333e+00 0.000000000000000000e+00 0.000000000000000000e+00
6.390000000000000000e+02 1.913014757773636347e+03 3.105664762222417963e+01 6.982284863856227930e-02 -7.644715845693730860e-02 0.000000000000000000e+00 0.000000000000000000e+00
6.400000000000000000e+02 1.906940812820250585e+03 3.130648674862933944e+01 6.985764073016845210e-02 -1.386265879557637914e+00 0.000000000000000000e+00 0.000000000000000000e+00
6.410000000000000000e+02 1.901017448787866442e+03 3.155289973011982241e+01 6.989209926847556043e-02 -2.717926046676034435e+00 0.000000000000000000e+00 0.000000000000000000e+00
6.420000000000000000e+02 1.895237987370893507e+03 3.179568067553037736e+01 6.992625030143335974e-02 -4.070860940412423190e+00 0.000000000000000000e+00 0.000000000000000000e+00
6.430000000000000000e+02 1.889622688394678562e+03 3.203482600366967858e+01 6.996012389362121775e-02 -5.444498020343515599e+00 0.000000000000000000e+00 0.000000000000000000e+00
6.440000000000000000e+02 1.884151453372581727e+03 3.227019764023896187e+01 6.999374615795644905e-02 -6.838252589760426936e+00 0.000000000000000000e+00 0.000000000000000000e+00
6.450000000000000000e+02 1.878844495288012013e+03 3.250159088888689496e+01 7.002714720349072219e-02 -8.251552732630557330e+00 0.000000000000000000e+00 0.000000000000000000e+00
6.460000000000000000e+02 1.873701840575875394e+03 3.272900244399278336e+01 7.006035310925630422e-02 -9.683826712530532177e+00 0.000000000000000000e+00 0.000000000000000000e+00
6.470000000000000000e+02 1.868716854202558125e+03 3.295229482735434345e+01 7.009339393464067425e-02 -1.113442817903661464e+01 0.000000000000000000e+00 0.000000000000000000e+00
6.480000000000000000e+02 1.863896316056162277e+03 3.317133087469874653e+01 7.012629568875318464e-02 -1.260289902990904132e+01 0.000000000000000000e+00 0.000000000000000000e+00
6.490000000000000000e+02 1.859240225441641542e+03 3.338610765422377114e+01 7.015908833139025691e-02 -1.408845852111565833e+01 0.000000000000000000e+00 0.000000000000000000e+00
6.500000000000000000e+02 1.854762021848866652e+03 3.359648816590770082e+01 7.019179774178815889e-02 -1.559059457346637600e+01 0.000000000000000000e+00 0.000000000000000000e+00
6.510000000000000000e+02 1.850448345116509699e+03 3.380246949480112306e+01 7.022445374265315343e-02 -1.710859348320259343e+01 0.000000000000000000e+00 0.000000000000000000e+00
6.520000000000000000e+02 1.846305956546528705e+03 3.400398181324135294e+01 7.025708198967919871e-02 -1.864180790043252500e+01 0.000000000000000000e+00 0.000000000000000000e+00
6.530000000000000000e+02 1.842341533430624168e+03 3.420095513901358686e+01 7.028971212187815065e-02 -2.018965723221926112e+01 0.000000000000000000e+00 0.000000000000000000e+00
6.540000000000000000e+02 1.838555078668654232e+03 3.439332033168711433e+01 7.032236962208690545e-02 -2.175149350239161450e+01 0.000000000000000000e+00 0.000000000000000000e+00
6.550000000000000000e+02 1.834953322075402639e+03 3.458094066806631872e+01 7.035508392093686725e-02 -2.332666949926056787e+01 0.000000000000000000e+00 0.000000000000000000e+00
6.560000000000000000e+02 1.831522903718123416e+03 3.476388076419253537e+01 7.038788024032928414e-02 -2.491440345603701445e+01 0.000000000000000000e+00 0.000000000000000000e+00
6.570000000000000000e+02 1.828277186840817649e+03 3.494200429248344619e+01 7.042078772562757050e-02 -2.651418193408063573e+01 0.000000000000000000e+00 0.000000000000000000e+00
6.580000000000000000e+02 1.825216148308611309e+03 3.511524272319923767e+01 7.045383132133786752e-02 -2.812515612728047287e+01 0.000000000000000000e+00 0.000000000000000000e+00
6.590000000000000000e+02 1.822339794651144075e+03 3.528346022810728755e+01 7.048703983323023614e-02 -2.974674578398444424e+01 0.000000000000000000e+00 0.000000000000000000e+00
6.600000000000000000e+02 1.819648116870364902e+03 3.544665529942233917e+01 7.052043790889768460e-02 -3.137823618737383669e+01 0.000000000000000000e+00 0.000000000000000000e+00
6.610000000000000000e+02 1.817141075740923725e+03 3.560469260277255188e+01 7.055405395540186031e-02 -3.301891314790017162e+01 0.000000000000000000e+00 0.000000000000000000e+00
6.620000000000000000e+02 1.814825335020387229e+03 3.575750400729688039e+01 7.058791223361214617e-02 -3.466812895261140426e+01 0.000000000000000000e+00 0.000000000000000000e+00
6.630000000000000000e+02 1.812694161445268946e+03 3.590508816990036678e+01 7.062204067130971319e-02 -3.632510342598035891e+01 0.000000000000000000e+00 0.000000000000000000e+00
6.640000000000000000e+02 1.810754214051328290e+03 3.604731036830816748e+01 7.065646305677190930e-02 -3.798912241513586707e+01 0.000000000000000000e+00 0.000000000000000000e+00
6.650000000000000000e+02 1.809005426886427813e+03 3.618416982301514651e+01 7.069120683195390109e-02 -3.965953880153182354e+01 0.000000000000000000e+00 0.000000000000000000e+00
6.660000000000000000e+02 1.807441107780113953e+03 3.631559862250908566e+01 7.072629528803764387e-02 -4.133563904592916316e+01 0.000000000000000000e+00 0.000000000000000000e+00
6.670000000000000000e+02 1.806067833368203310e+03 3.644159622704475510e+01 7.076175531582611089e-02 -4.301664318691602773e+01 0.000000000000000000e+00 0.000000000000000000e+00
6.680000000000000000e+02 1.804892220904087253e+03 3.656202895916850082e+01 7.079760960361346223e-02 -4.470183845026505054e+01 0.000000000000000000e+00 0.000000000000000000e+00
6.690000000000000000e+02 1.803900854997674060e+03 3.667682991842438867e+01 7.083388448511869495e-02 -4.639057822688369725e+01 0.000000000000000000e+00 0.000000000000000000e+00
6.700000000000000000e+02 1.803107015071493379e+03 3.678606512629587399e+01 7.087060198008705847e-02 -4.808208346492215668e+01 0.000000000000000000e+00 0.000000000000000000e+00
6.710000000000000000e+02 1.802503918642395547e+03 3.688966813471886752e+01 7.090778784661685985e-02 -4.977564201755983220e+01 0.000000000000000000e+00 0.000000000000000000e+00
6.720000000000000000e+02 1.802091506009952127e+03 3.698750589796875943e+01 7.094546343380801756e-02 -5.147060855985157701e+01 0.000000000000000000e+00 0.000000000000000000e+00
6.730000000000000000e+02 1.801869693489988776e+03 3.707964538866534809e+01 7.098365380366340738e-02 -5.316613773068338844e+01 0.000000000000000000e+00 0.000000000000000000e+00
6.740000000000000000e+02 1.801838370044395333e+03 3.716602032527089960e+01 7.102237956117625484e-02 -5.486165219754443001e+01 0.000000000000000000e+00 0.000000000000000000e+00
6.750000000000000000e+02 1.802004050804897361e+03 3.724656495512577692e+01 7.106166509677504239e-02 -5.655630728084331338e+01 0.000000000000000000e+00 0.000000000000000000e+00
6.760000000000000000e+02 1.802359985686979371e+03 3.732128014675149785e+01 7.110153028136705078e-02 -5.824939335721450107e+01 0.000000000000000000e+00 0.000000000000000000e+00
6.770000000000000000e+02 1.802906097371676424e+03 3.739016671547045689e+01 7.114199873458618151e-02 -5.994026611724408582e+01 0.000000000000000000e+00 0.000000000000000000e+00
6.780000000000000000e+02 1.803635614281353128e+03 3.745309314566329562e+01 7.118308947428410305e-02 -6.162801789221389015e+01 0.000000000000000000e+00 0.000000000000000000e+00
6.790000000000000000e+02 1.804561650307932950e+03 3.751006092711116935e+01 7.122482530402431122e-02 -6.331193862735977262e+01 0.000000000000000000e+00 0.000000000000000000e+00
6.800000000000000000e+02 1.805677439357679305e+03 3.756107170396132489e+01 7.126722434816279428e-02 -6.499132053026256983e+01 0.000000000000000000e+00 0.000000000000000000e+00
6.810000000000000000e+02 1.806976245704734538e+03 3.760599443001058262e+01 7.131030857752630736e-02 -6.666525617791340608e+01 0.000000000000000000e+00 0.000000000000000000e+00
6.820000000000000000e+02 1.808457927533324437e+03 3.764489776004766952e+01 7.135409519812604962e-02 -6.833310662055643547e+01 0.000000000000000000e+00 0.000000000000000000e+00
6.830000000000000000e+02 1.810128913189711056e+03 3.767765118335120178e+01 7.139860521040865271e-02 -6.999403060266507737e+01 0.000000000000000000e+00 0.000000000000000000e+00
6.840000000000000000e+02 1.811989080520166908e+03 3.770432347868254652e+01 7.144385484572125800e-02 -7.164745538475767717e+01 0.000000000000000000e+00 0.000000000000000000e+00
6.850000000000000000e+02 1.814025013984812404e+03 3.772498302063858944e+01 7.148986414161011271e-02 -7.329267533903383480e+01 0.000000000000000000e+00 0.000000000000000000e+00
6.860000000000000000e+02 1.816243208733455958e+03 3.773956615001852555e+01 7.153664831706739446e-02 -7.492865549414693760e+01 0.000000000000000000e+00 0.000000000000000000e+00
6.870000000000000000e+02 1.818643433077653981e+03 3.774820829368739084e+01 7.158422640736746001e-02 -7.655548256229410242e+01 0.000000000000000000e+00 0.000000000000000000e+00
6.880000000000000000e+02 1.821225523395546134e+03 3.775078007438574446e+01 7.163261258658012998e-02 -7.817245300849937450e+01 0.000000000000000000e+00 0.000000000000000000e+00
6.890000000000000000e+02 1.823989299623807256e+03 3.774741657562721997e+01 7.168182491986282989e-02 -7.977820411379073562e+01 0.000000000000000000e+00 0.000000000000000000e+00
6.900000000000000000e+02 1.826927970772044773e+03 3.773818725035426525e+01 7.173187655133450580e-02 -8.137203447321186900e+01 0.000000000000000000e+00 0.000000000000000000e+00
6.910000000000000000e+02 1.830041333352006632e+03 3.772296340814700244e+01 7.178278458533554618e-02 -8.295390159340169589e+01 0.000000000000000000e+00 0.000000000000000000e+00
6.920000000000000000e+02 1.833329183699356236e+03 3.770181510405590330e+01 7.183456108722824363e-02 -8.452310207073364268e+01 0.000000000000000000e+00 0.000000000000000000e+00
6.930000000000000000e+02 1.836791331179562803e+03 3.767474567028539667e+01 7.188722212398389322e-02 -8.607893800202047885e+01 0.000000000000000000e+00 0.000000000000000000e+00
6.940000000000000000e+02 1.840420929197381838e+03 3.764182528497790514e+01 7.194077863464327927e-02 -8.762004977915647430e+01 0.000000000000000000e+00 0.000000000000000000e+00
6.950000000000000000e+02 1.844224423498481656e+03 3.760299231579057277e+01 7.199524569361129278e-02 -8.914639927143061016e+01 0.000000000000000000e+00 0.000000000000000000e+00
6.960000000000000000e+02 1.848181735913217608e+03 3.755818525213616255e+01 7.205063312179378621e-02 -9.065662707914160023e+01 0.000000000000000000e+00 0.000000000000000000e+00
6.970000000000000000e+02 1.852312506135933290e+03 3.750760636516790925e+01 7.210695491381338695e-02 -9.215069999958811309e+01 0.000000000000000000e+00 0.000000000000000000e+00
6.980000000000000000e+02 1.856596647870759398e+03 3.745112842332832059e+01 7.216421971418726655e-02 -9.362725939539802766e+01 0.000000000000000000e+00 0.000000000000000000e+00
6.990000000000000000e+02 1.861047155700908206e+03 3.738882240878190544e+01 7.222244040019511202e-02 -9.508627155201710934e+01 0.000000000000000000e+00 0.000000000000000000e+00
7.000000000000000000e+02 1.865650587257225197e+03 3.732075920899389843e+01 7.228162441950509998e-02 -9.652703928970304048e+01 0.000000000000000000e+00 0.000000000000000000e+00
7.010000000000000000e+02 1.870406746928006896e+03 3.724694401380459396e+01 7.234178351750171487e-02 -9.794887195527844881e+01 0.000000000000000000e+00 0.000000000000000000e+00
7.020000000000000000e+02 1.875308779013118055e+03 3.716738193669057466e+01 7.240292394356283301e-02 -9.935107588757173858e+01 0.000000000000000000e+00 0.000000000000000000e+00
7.030000000000000000e+02 1.880363016670603884e+03 3.708221049644330236e+01 7.246505627572524810e-02 -1.007336206274855641e+02 0.000000000000000000e+00 0.000000000000000000e+00
7.040000000000000000e+02 1.885569226548937195e+03 3.699136919028124737e+01 7.252818555945635126e-02 -1.020944994872617713e+02 0.000000000000000000e+00 0.000000000000000000e+00
7.050000000000000000e+02 1.890907380954657128e+03 3.689499553127819809e+01 7.259232118781908105e-02 -1.034343439727669818e+02 0.000000000000000000e+00 0.000000000000000000e+00
7.060000000000000000e+02 1.896397025094714536e+03 3.679309509208562190e+01 7.265746697701178092e-02 -1.047518052228389251e+02 0.000000000000000000e+00 0.000000000000000000e+00
7.070000000000000000e+02 1.902018095550549106e+03 3.668580573510387666e+01 7.272363112128600593e-02 -1.060468537221053253e+02 0.000000000000000000e+00 0.000000000000000000e+00
7.080000000000000000e+02 1.907770393678586970e+03 3.657300205993290376e+01 7.279081622310205890e-02 -1.073194622577617139e+02 0.000000000000000000e+00 0.000000000000000000e+00
7.090000000000000000e+02 1.913660195867066932e+03 3.645495336408035314e+01 7.285902932495767759e-02 -1.085676328844975700e+02 0.000000000000000000e+00 0.000000000000000000e+00
7.100000000000000000e+02 1.919674107285644595e+03 3.633160018111537681e+01 7.292827176719791915e-02 -1.097919962404220797e+02 0.000000000000000000e+00 0.000000000000000000e+00
7.110000000000000000e+02 1.925811819505185895e+03 3.620301492636696139e+01 7.299854943608030666e-02 -1.109918691419779151e+02 0.000000000000000000e+00 0.000000000000000000e+00
7.120000000000000000e+02 1.932079669661163507e+03 3.606927039672432045e+01 7.306986235665699492e-02 -1.121659154099361331e+02 0.000000000000000000e+00 0.000000000000000000e+00
7.130000000000000000e+02 1.938457656100563099e+03 3.593037313493629625e+01 7.314221525419895009e-02 -1.133141132419559796e+02 0.000000000000000000e+00 0.000000000000000000e+00
7.140000000000000000e+02 1.944952092638021213e+03 3.578646171562132849e+01 7.321560685735277463e-02 -1.144357828420241816e+02 0.000000000000000000e+00 0.000000000000000000e+00
7.150000000000000000e+02 1.951562668805714338e+03 3.563754315480711909e+01 7.329004068273879680e-02 -1.155308990339866710e+02 0.000000000000000000e+00 0.000000000000000000e+00
7.160000000000000000e+02 1.958275996173861131e+03 3.548362553139309483e+01 7.336551423093261304e-02 -1.165987890601855810e+02 0.000000000000000000e+00 0.000000000000000000e+00
7.170000000000000000e+02 1.965091817233329721e+03 3.532478169959475878e+01 7.344202974529565053e-02 -1.176381245238055158e+02 0.000000000000000000e+00 0.000000000000000000e+00
7.180000000000000000e+02 1.972009816838780353e+03 3.516108515160292569e+01 7.351958343142755981e-02 -1.186488885451723547e+02 0.000000000000000000e+00 0.000000000000000000e+00
7.190000000000000000e+02 1.979023150126998416e+03 3.499267440169852961e+01 7.359817625758251214e-02 -1.196304047998110178e+02 0.000000000000000000e+00 0.000000000000000000e+00
7.200000000000000000e+02 1.986131537417410982e+03 3.481955762948174993e+01 7.367780315660787949e-02 -1.205833128543839479e+02 0.000000000000000000e+00 0.000000000000000000e+00
7.210000000000000000e+02 1.993328149733833698e+03 3.464193916484822466e+01 7.375846383223688685e-02 -1.215062867770748767e+02 0.000000000000000000e+00 0.000000000000000000e+00
7.220000000000000000e+02 2.000612667888682836e+03 3.445982706679973262e+01 7.384015199493859649e-02 -1.223993150128254541e+02 0.000000000000000000e+00 0.000000000000000000e+00
7.230000000000000000e+02 2.007984791483480194e+03 3.427342567708932108e+01 7.392286611096829385e-02 -1.232623777833226910e+02 0.000000000000000000e+00 0.000000000000000000e+00
7.240000000000000000e+02 2.015437665399040952e+03 3.408280868962602028e+01 7.400659864505414187e-02 -1.240948142861094681e+02 0.000000000000000000e+00 0.000000000000000000e+00
7.250000000000000000e+02 2.022971015355351255e+03 3.388805004651528918e+01 7.409134681524134902e-02 -1.248959570410254258e+02 0.000000000000000000e+00 0.000000000000000000e+00
7.260000000000000000e+02 2.030577972050249628e+03 3.368922366344173724e+01 7.417710189938385434e-02 -1.256664500170683851e+02 0.000000000000000000e+00 0.000000000000000000e+00
7.270000000000000000e+02 2.038258215321270427e+03 3.348646898049770471e+01 7.426385992732374708e-02 -1.264049725766838321e+02 0.000000000000000000e+00 0.000000000000000000e+00
7.280000000000000000e+02 2.046011468955629425e+03 3.327979445966318650e+01 7.435161101528754701e-02 -1.271121743865768963e+02 0.000000000000000000e+00 0.000000000000000000e+00
7.290000000000000000e+02 2.053817827243729425e+03 3.306940526305577066e+01 7.444034998956595983e-02 -1.277860888156484691e+02 0.000000000000000000e+00 0.000000000000000000e+00
7.300000000000000000e+02 2.061690035439516578e+03 3.285524498197930399e+01 7.453006579521252728e-02 -1.284280135094854813e+02 0.000000000000000000e+00 0.000000000000000000e+00
7.310000000000000000e+02 2.069621227017352794e+03 3.263751865607379443e+01 7.462075205641252595e-02 -1.290372898844004794e+02 0.000000000000000000e+00 0.000000000000000000e+00
7.320000000000000000e+02 2.077598072040523675e+03 3.241623512778562599e+01 7.471239653329156405e-02 -1.296126122441279165e+02 0.000000000000000000e+00 0.000000000000000000e+00
7.330000000000000000e+02 2.085626766861681062e+03 3.219159966634402537e+01 7.480499169607951471e-02 -1.301546332633382974e+02 0.000000000000000000e+00 0.000000000000000000e+00
7.340000000000000000e+02 2.093700498239483750e+03 3.196355632265097313e+01 7.489852412368827594e-02 -1.306620412584865960e+02 0.000000000000000000e+00 0.000000000000000000e+00
7.350000000000000000e+02 2.101805872400029330e+03 3.173237504754578353e+01 7.499298511909875675e-02 -1.311361422172353457e+02 0.000000000000000000e+00 0.000000000000000000e+00
7.360000000000000000e+02 2.109955655851154006e+03 3.149813035379576931e+01 7.508836011420455536e-02 -1.315756315577463056e+02 0.000000000000000000e+00 0.000000000000000000e+00
7.370000000000000000e+02 2.118129955322718160e+03 3.126083191179055021e+01 7.518463929337318441e-02 -1.319805145627458387e+02 0.000000000000000000e+00 0.000000000000000000e+00
7.380000000000000000e+02 2.126334982583697638e+03 3.102068502332373612e+01 7.528180692459654488e-02 -1.323507893814340548e+02 0.000000000000000000e+00 0.000000000000000000e+00
7.390000000000000000e+02 2.134563893454362642e+03 3.077776386271200337e+01 7.537985208686445726e-02 -1.326858169820244200e+02 0.000000000000000000e+00 0.000000000000000000e+00
7.400000000000000000e+02 2.142809904792645284e+03 3.053220851894261045e+01 7.547875792535542472e-02 -1.329849490555164095e+02 0.000000000000000000e+00 0.000000000000000000e+00
7.410000000000000000e+02 2.151066194046245073e+03 3.028415856635573178e+01 7.557851243215155113e-02 -1.332494909787732240e+02 0.000000000000000000e+00 0.000000000000000000e+00
7.420000000000000000e+02 2.159332441018154441e+03 3.003368916345841555e+01 7.567909769104409767e-02 -1.334787976617711251e+02 0.000000000000000000e+00 0.000000000000000000e+00
7.430000000000000000e+02 2.167608314175218766e+03 2.978093972760387942e+01 7.578050064070213088e-02 -1.336722327808019202e+02 0.000000000000000000e+00 0.000000000000000000e+00
7.440000000000000000e+02 2.175880540604888211e+03 2.952605030217095816e+01 7.588270237069501267e-02 -1.338298091761392925e+02 0.000000000000000000e+00 0.000000000000000000e+00
7.450000000000000000e+02 2.184148822962620216e+03 2.926916027607799009e+01 7.598568880355512090e-02 -1.339515319084702583e+02 0.000000000000000000e+00 0.000000000000000000e+00
7.460000000000000000e+02 2.192406345387693364e+03 2.901034490983222369e+01 7.608944003030153336e-02 -1.340380637446652088e+02 0.000000000000000000e+00 0.000000000000000000e+00
7.470000000000000000e+02 2.200652818672918784e+03 2.874974376304731294e+01 7.619394099434313727e-02 -1.340881234527166441e+02 0.000000000000000000e+00 0.000000000000000000e+00
7.480000000000000000e+02 2.208881442275292557e+03 2.848743195126984062e+01 7.629917079416718984e-02 -1.341023744416514489e+02 0.000000000000000000e+00 0.000000000000000000e+00
7.490000000000000000e+02 2.217091916141594993e+03 2.822354905721453022e+01 7.640511344248918091e-02 -1.340808278011133154e+02 0.000000000000000000e+00 0.000000000000000000e+00
7.500000000000000000e+02 2.225277447467341062e+03 2.795823486965647575e+01 7.651174711496479264e-02 -1.340235038216460737e+02 0.000000000000000000e+00 0.000000000000000000e+00
7.510000000000000000e+02 2.233431317478560231e+03 2.769156411514305560e+01 7.661905488348036419e-02 -1.339297746941134051e+02 0.000000000000000000e+00 0.000000000000000000e+00
7.520000000000000000e+02 2.241546746469829941e+03 2.742367657152675875e+01 7.672701401124555620e-02 -1.337996597379220987e+02 0.000000000000000000e+00 0.000000000000000000e+00
7.530000000000000000e+02 2.249629897188328869e+03 2.715464702740770520e+01 7.683560667061833938e-02 -1.336344674707436866e+02 0.000000000000000000e+00 0.000000000000000000e+00
7.540000000000000000e+02 2.257673993497579431e+03 2.688461479936582066e+01 7.694480924211333228e-02 -1.334329257371786071e+02 0.000000000000000000e+00 0.000000000000000000e+00
7.550000000000000000e+02 2.265672338736709662e+03 2.661378387554751157e+01 7.705460301802263823e-02 -1.331957052403663511e+02 0.000000000000000000e+00 0.000000000000000000e+00
7.560000000000000000e+02 2.273618153719101883e+03 2.634222844796523688e+01 7.716496356392929523e-02 -1.329228277877934943e+02 0.000000000000000000e+00 0.000000000000000000e+00
7.570000000000000000e+02 2.281524070509731700e+03 2.607015280388103307e+01 7.727587137723387900e-02 -1.326143127966198279e+02 0.000000000000000000e+00 0.000000000000000000e+00
7.580000000000000000e+02 2.289376840250582063e+03 2.579756649866178009e+01 7.738730125264745019e-02 -1.322714764566057681e+02 0.000000000000000000e+00 0.000000000000000000e+00
7.590000000000000000e+02 2.297176243153289306e+03 2.552473802060820773e+01 7.749923292168758859e-02 -1.318930541294278669e+02 0.000000000000000000e+00 0.000000000000000000e+00
7.600000000000000000e+02 2.304915529059923756e+03 2.525174121495053114e+01 7.761164046000876282e-02 -1.314797197865810290e+02 0.000000000000000000e+00 0.000000000000000000e+00
7.610000000000000000e+02 2.312594404718207443e+03 2.497871531884280216e+01 7.772450287631324506e-02 -1.310314994626815803e+02 0.000000000000000000e+00 0.000000000000000000e+00
7.620000000000000000e+02 2.320206155517997104e+03 2.470573450568977947e+01 7.783779356510885095e-02 -1.305484191945531620e+02 0.000000000000000000e+00 0.000000000000000000e+00
7.630000000000000000e+02 2.327750512623084433e+03 2.443293799747225492e+01 7.795149087378479280e-02 -1.300311589445292952e+02 0.000000000000000000e+00 0.000000000000000000e+00
7.640000000000000000e+02 2.335214361570741858e+03 2.416039950031104055e+01 7.806556754738877557e-02 -1.294784593783248567e+02 0.000000000000000000e+00 0.000000000000000000e+00
7.650000000000000000e+02 2.342597405857099602e+03 2.388832205826925659e+01 7.818000128221201661e-02 -1.288916440573973432e+02 0.000000000000000000e+00 0.000000000000000000e+00
7.660000000000000000e+02 2.349899422119428436e+03 2.361678008900792491e+01 7.829476421123143792e-02 -1.282700992362204033e+02 0.000000000000000000e+00 0.000000000000000000e+00
7.670000000000000000e+02 2.357107244196726242e+03 2.334578333692712349e+01 7.840983343845879527e-02 -1.276138689587107393e+02 0.000000000000000000e+00 0.000000000000000000e+00
7.680000000000000000e+02 2.364227148572583701e+03 2.307559854806060429e+01 7.852518053159852907e-02 -1.269229845647677024e+02 0.000000000000000000e+00 0.000000000000000000e+00
7.690000000000000000e+02 2.371239509182037636e+03 2.280636349845772415e+01 7.864078202186128297e-02 -1.261987692582057008e+02 0.000000000000000000e+00 0.000000000000000000e+00
7.700000000000000000e+02 2.378157023565854615e+03 2.253815222950822772e+01 7.875660895999651856e-02 -1.254412582388905832e+02 0.000000000000000000e+00 0.000000000000000000e+00
7.710000000000000000e+02 2.384966554325299512e+03 2.227110249537787467e+01 7.887263737661014129e-02 -1.246504960419552930e+02 0.000000000000000000e+00 0.000000000000000000e+00
7.720000000000000000e+02 2.391661502749837382e+03 2.200541615439165355e+01 7.898883784741761449e-02 -1.238265222747629792e+02 0.000000000000000000e+00 0.000000000000000000e+00
7.730000000000000000e+02 2.398248047495173068e+03 2.174116620323702520e+01 7.910518598999632944e-02 -1.229706584263502265e+02 0.000000000000000000e+00 0.000000000000000000e+00
7.740000000000000000e+02 2.404713165398748060e+03 2.147849060440723079e+01 7.922165198752051385e-02 -1.220829493189289394e+02 0.000000000000000000e+00 0.000000000000000000e+00
7.750000000000000000e+02 2.411056625224006893e+03 2.121752616526526225e+01 7.933821107326884114e-02 -1.211634352404822010e+02 0.000000000000000000e+00 0.000000000000000000e+00
7.760000000000000000e+02 2.417284633468189440e+03 2.095841005948987146e+01 7.945483306304461368e-02 -1.202134470125751449e+02 0.000000000000000000e+00 0.000000000000000000e+00
7.770000000000000000e+02 2.423390553780316623e+03 2.070121503292953946e+01 7.957149291170570460e-02 -1.192323798260727443e+02 0.000000000000000000e+00 0.000000000000000000e+00
7.780000000000000000e+02 2.429374179852327870e+03 2.044607836632392406e+01 7.968816011867596583e-02 -1.182215720144480571e+02 0.000000000000000000e+00 0.000000000000000000e+00
7.790000000000000000e+02 2.435235340918015481e+03 2.019307211562374249e+01 7.980480939798055562e-02 -1.171804188356863961e+02 0.000000000000000000e+00 0.000000000000000000e+00
7.800000000000000000e+02 2.440967379147908559e+03 1.994239712839532430e+01 7.992140996909923023e-02 -1.161108950554389736e+02 0.000000000000000000e+00 0.000000000000000000e+00
7.810000000000000000e+02 2.446576561833675441e+03 1.969406150434722846e+01 8.003793635243371118e-02 -1.150123993117129118e+02 0.000000000000000000e+00 0.000000000000000000e+00
7.820000000000000000e+02 2.452049856261995501e+03 1.944820180937204768e+01 8.015435755016929453e-02 -1.138856312389628158e+02 0.000000000000000000e+00 0.000000000000000000e+00
7.830000000000000000e+02 2.457393511207480969e+03 1.920495368090033139e+01 8.027064791696791879e-02 -1.127299938441679075e+02 0.000000000000000000e+00 0.000000000000000000e+00
7.840000000000000000e+02 2.462594537991111338e+03 1.896438921996586657e+01 8.038677625032078500e-02 -1.115468224912369379e+02 0.000000000000000000e+00 0.000000000000000000e+00
7.850000000000000000e+02 2.467652837232098591e+03 1.872658021568394915e+01 8.050271678960016497e-02 -1.103355288445669942e+02 0.000000000000000000e+00 0.000000000000000000e+00
7.860000000000000000e+02 2.472555442694134854e+03 1.849166250948876211e+01 8.061843812335370285e-02 -1.090961676949340955e+02 0.000000000000000000e+00 0.000000000000000000e+00
7.870000000000000000e+02 2.477308614808426682e+03 1.825970719714943868e+01 8.073391447787309216e-02 -1.078300734527656459e+02 0.000000000000000000e+00 0.000000000000000000e+00
7.880000000000000000e+02 2.481905830064697966e+03 1.803084946706807656e+01 8.084911429718801001e-02 -1.065360202001515972e+02 0.000000000000000000e+00 0.000000000000000000e+00
7.890000000000000000e+02 2.486334185393022381e+03 1.780522443648762021e+01 8.096401182249500506e-02 -1.052159884253063353e+02 0.000000000000000000e+00 0.000000000000000000e+00
7.900000000000000000e+02 2.490606349144260093e+03 1.758290281508461916e+01 8.107857539767188149e-02 -1.038693854784808934e+02 0.000000000000000000e+00 0.000000000000000000e+00
7.910000000000000000e+02 2.494709383733531467e+03 1.736408262426736471e+01 8.119277932953618271e-02 -1.024988248934813129e+02 0.000000000000000000e+00 0.000000000000000000e+00
7.920000000000000000e+02 2.498649588201229562e+03 1.714889778598941561e+01 8.130659194824615965e-02 -1.011037188903048047e+02 0.000000000000000000e+00 0.000000000000000000e+00
7.930000000000000000e+02 2.502420459826215847e+03 1.693748225211578884e+01 8.141998775472261696e-02 -9.968540821767930993e+01 0.000000000000000000e+00 0.000000000000000000e+00
7.940000000000000000e+02 2.506021932792333700e+03 1.672990593230479561e+01 8.153293516363772919e-02 -9.824457575806071929e+01 0.000000000000000000e+00 0.000000000000000000e+00
7.950000000000000000e+02 2.509447507759570726e+03 1.652636576449226524e+01 8.164540890688315455e-02 -9.678256197096033020e+01 0.000000000000000000e+00 0.000000000000000000e+00
7.960000000000000000e+02 2.512703475215668277e+03 1.632686754453572675e+01 8.175737754822298697e-02 -9.529878246552334531e+01 0.000000000000000000e+00 0.000000000000000000e+00
7.970000000000000000e+02 2.515789714887950140e+03 1.613148123865764205e+01 8.186881609794741110e-02 -9.379457698418011091e+01 0.000000000000000000e+00 0.000000000000000000e+00
7.980000000000000000e+02 2.518699801576673963e+03 1.594027582887392214e+01 8.197969335374938327e-02 -9.226999930566526587e+01 0.000000000000000000e+00 0.000000000000000000e+00
7.990000000000000000e+02 2.521440023762400870e+03 1.575332039023547104e+01 8.208998463488606512e-02 -9.072575199211055974e+01 0.000000000000000000e+00 0.000000000000000000e+00
8.000000000000000000e+02 2.524003938051455407e+03 1.557068377076400800e+01 8.219965897687167566e-02 -8.916126047203651694e+01 0.000000000000000000e+00 0.000000000000000000e+00
8.010000000000000000e+02 2.526391477529739404e+03 1.539237170665443344e+01 8.230869198681768639e-02 -8.757849290156495670e+01 0.000000000000000000e+00 0.000000000000000000e+00
8.020000000000000000e+02 2.528608936429026471e+03 1.521838886591983453e+01 8.241705298489057641e-02 -8.597687684052249324e+01 0.000000000000000000e+00 0.000000000000000000e+00
8.030000000000000000e+02 2.530643533541461238e+03 1.504899411162461931e+01 8.252471787641914303e-02 -8.435710888385206374e+01 0.000000000000000000e+00 0.000000000000000000e+00
8.040000000000000000e+02 2.532501591697332969e+03 1.488412762713407389e+01 8.263165634160055117e-02 -8.272052429274403096e+01 0.000000000000000000e+00 0.000000000000000000e+00
8.050000000000000000e+02 2.534170401187117022e+03 1.472404798447000118e+01 8.273784462733108080e-02 -8.106654505793822807e+01 0.000000000000000000e+00 0.000000000000000000e+00
8.060000000000000000e+02 2.535643643022717697e+03 1.456875849977925874e+01 8.284325282316967742e-02 -7.939714757273087287e+01 0.000000000000000000e+00 0.000000000000000000e+00
8.070000000000000000e+02 2.536921288607029510e+03 1.441838995117011102e+01 8.294785758121628327e-02 -7.771111920241253301e+01 0.000000000000000000e+00 0.000000000000000000e+00
8.080000000000000000e+02 2.538003318548533116e+03 1.427307204036213228e+01 8.305162949555273955e-02 -7.601106607569040818e+01 0.000000000000000000e+00 0.000000000000000000e+00
8.090000000000000000e+02 2.538883418386185440e+03 1.413287144584700528e+01 8.315454569503540061e-02 -7.429641268907194274e+01 0.000000000000000000e+00 0.000000000000000000e+00
8.100000000000000000e+02 2.539561636806156457e+03 1.399785418813914717e+01 8.325657736972837120e-02 -7.256786516868130832e+01 0.000000000000000000e+00 0.000000000000000000e+00
8.110000000000000000e+02 2.540037927913249405e+03 1.386808687579513943e+01 8.335770217109550462e-02 -7.082687492758078918e+01 0.000000000000000000e+00 0.000000000000000000e+00
8.120000000000000000e+02 2.540324954652175165e+03 1.374350869907422457e+01 8.345789193758314239e-02 -6.907407638763984892e+01 0.000000000000000000e+00 0.000000000000000000e+00
8.130000000000000000e+02 2.540416407236230043e+03 1.362424869519855797e+01 8.355712486540015083e-02 -6.731035467031929898e+01 0.000000000000000000e+00 0.000000000000000000e+00
8.140000000000000000e+02 2.540318626000948370e+03 1.351030929612100095e+01 8.365537347472758178e-02 -6.553653514780795319e+01 0.000000000000000000e+00 0.000000000000000000e+00
8.150000000000000000e+02 2.540037908773610525e+03 1.340169230329155070e+01 8.375261656020765999e-02 -6.375343909096427808e+01 0.000000000000000000e+00 0.000000000000000000e+00
8.160000000000000000e+02 2.539574284733441345e+03 1.329852599698902438e+01 8.384882732513905534e-02 -6.196188705767257687e+01 0.000000000000000000e+00 0.000000000000000000e+00
8.170000000000000000e+02 2.538921486028166782e+03 1.320081153234712446e+01 8.394398517105607083e-02 -6.016238892840925701e+01 0.000000000000000000e+00 0.000000000000000000e+00
8.180000000000000000e+02 2.538079591783702654e+03 1.310861378913671693e+01 8.403806399497458501e-02 -5.835519957978131345e+01 0.000000000000000000e+00 0.000000000000000000e+00
8.190000000000000000e+02 2.537042351276152658e+03 1.302193348636816417e+01 8.413104386390513056e-02 -5.654076566703405859e+01 0.000000000000000000e+00 0.000000000000000000e+00
8.200000000000000000e+02 2.535803558017938030e+03 1.294096080022548456e+01 8.422289942705070420e-02 -5.471953091177146433e+01 0.000000000000000000e+00 0.000000000000000000e+00
8.210000000000000000e+02 2.534357039420870478e+03 1.286563251194233892e+01 8.431361147144916801e-02 -5.289187939503328550e+01 0.000000000000000000e+00 0.000000000000000000e+00
8.220000000000000000e+02 2.532702878076657271e+03 1.279607557532015072e+01 8.440315549102356263e-02 -5.105813097055052907e+01 0.000000000000000000e+00 0.000000000000000000e+00
8.230000000000000000e+02 2.530834915336574795e+03 1.273228947998984495e+01 8.449151297916326908e-02 -4.921879532099278975e+01 0.000000000000000000e+00 0.000000000000000000e+00
8.240000000000000000e+02 2.528759533121098229e+03 1.267433728481867661e+01 8.457866030446110905e-02 -4.737481841601260868e+01 0.000000000000000000e+00 0.000000000000000000e+00
8.250000000000000000e+02 2.526483133587328666e+03 1.262221807089816394e+01 8.466457977823792225e-02 -4.552727283581285889e+01 0.000000000000000000e+00 0.000000000000000000e+00
8.260000000000000000e+02 2.524005781724788449e+03 1.257599444402566746e+01 8.474924866798377865e-02 -4.367722795810538372e+01 0.000000000000000000e+00 0.000000000000000000e+00
8.270000000000000000e+02 2.521333947801154409e+03 1.253560249932554171e+01 8.483265016972416084e-02 -4.182575468107441452e+01 0.000000000000000000e+00 0.000000000000000000e+00
8.280000000000000000e+02 2.518467691930326964e+03 1.250110409057623961e+01 8.491476241908273159e-02 -3.997379562819754995e+01 0.000000000000000000e+00 0.000000000000000000e+00
8.290000000000000000e+02 2.515419711527841173e+03 1.247249738396064878e+01 8.499556951645657887e-02 -3.812248087059644064e+01 0.000000000000000000e+00 0.000000000000000000e+00
8.300000000000000000e+02 2.512190052476889377e+03 1.244984375415046429e+01 8.507505046900956658e-02 -3.627275174184017459e+01 0.000000000000000000e+00 0.000000000000000000e+00
8.310000000000000000e+02 2.508778920827935508e+03 1.243307860603950843e+01 8.515319037180042738e-02 -3.442498563377944265e+01 0.000000000000000000e+00 0.000000000000000000e+00
8.320000000000000000e+02 2.505180197744678935e+03 1.242226250424818801e+01 8.522996911620701888e-02 -3.257968636745459179e+01 0.000000000000000000e+00 0.000000000000000000e+00
8.330000000000000000e+02 2.501387762748354817e+03 1.241745536312899389e+01 8.530537283252764835e-02 -3.073710642556265427e+01 0.000000000000000000e+00 0.000000000000000000e+00
8.340000000000000000e+02 2.497408065978122977e+03 1.241865453509036676e+01 8.537938231348662921e-02 -2.889762273401445469e+01 0.000000000000000000e+00 0.000000000000000000e+00
8.350000000000000000e+02 2.493228795814723981e+03 1.242585706848649352e+01 8.545198476932414078e-02 -2.706167646993253584e+01 0.000000000000000000e+00 0.000000000000000000e+00
8.360000000000000000e+02 2.488843916708157849e+03 1.243912226825307954e+01 8.552316195512421615e-02 -2.522951910898690286e+01 0.000000000000000000e+00 0.000000000000000000e+00
8.370000000000000000e+02 2.484259831171487349e+03 1.245844629225811495e+01 8.559290219460125027e-02 -2.340171585576166891e+01 0.000000000000000000e+00 0.000000000000000000e+00
8.380000000000000000e+02 2.479483075924159039e+03 1.248382542162518583e+01 8.566118824085640349e-02 -2.157895373298077857e+01 0.000000000000000000e+00 0.000000000000000000e+00
8.390000000000000000e+02 2.474501259341438072e+03 1.251519339732234215e+01 8.572800957499757124e-02 -1.976223227103092128e+01 0.000000000000000000e+00 0.000000000000000000e+00
8.400000000000000000e+02 2.469339687620112272e+03 1.255254608147595263e+01 8.579334995572131251e-02 -1.795236087699393579e+01 0.000000000000000000e+00 0.000000000000000000e+00
8.410000000000000000e+02 2.463992197618405044e+03 1.259581652121967288e+01 8.585720001357359521e-02 -1.615033700576488584e+01 0.000000000000000000e+00 0.000000000000000000e+00
8.420000000000000000e+02 2.458465366097407696e+03 1.264500011023027959e+01 8.591954452317619728e-02 -1.435696776034404643e+01 0.000000000000000000e+00 0.000000000000000000e+00
8.430000000000000000e+02 2.452759294511322423e+03 1.270002983552524434e+01 8.598037523750402811e-02 -1.257318458959699470e+01 0.000000000000000000e+00 0.000000000000000000e+00
8.440000000000000000e+02 2.446893001923477186e+03 1.276083823498615466e+01 8.603967795123892981e-02 -1.079985541913768188e+01 0.000000000000000000e+00 0.000000000000000000e+00
8.450000000000000000e+02 2.440847893914445194e+03 1.282748254162145507e+01 8.609744552865288003e-02 -9.037473574363094286e+00 0.000000000000000000e+00 0.000000000000000000e+00
8.460000000000000000e+02 2.434636836234838029e+03 1.289995625826986192e+01 8.615366479975053449e-02 -7.286700632800995336e+00 0.000000000000000000e+00 0.000000000000000000e+00
8.470000000000000000e+02 2.428247511989514805e+03 1.297831624851648868e+01 8.620832978840063665e-02 -5.547984079932857249e+00 0.000000000000000000e+00 0.000000000000000000e+00
8.480000000000000000e+02 2.421686470145336443e+03 1.306249352711314060e+01 8.626142842847447922e-02 -3.821890365418518787e+00 0.000000000000000000e+00 0.000000000000000000e+00
8.490000000000000000e+02 2.414947777754859999e+03 1.315254421364751458e+01 8.631295594864660248e-02 -2.108941530149143428e+00 0.000000000000000000e+00 0.000000000000000000e+00
8.500000000000000000e+02 2.408025484803318250e+03 1.324846056174897946e+01 8.636290142344003884e-02 -4.096730727830917851e-01 0.000000000000000000e+00 0.000000000000000000e+00
8.510000000000000000e+02 2.400932336259234489e+03 1.335029810904568315e+01 8.641126132570313423e-02 1.275398546390906773e+00 0.000000000000000000e+00 0.000000000000000000e+00
8.520000000000000000e+02 2.393662364990779679e+03 1.345786305527005133e+01 8.645802590578129110e-02 2.945786891776693395e+00 0.000000000000000000e+00 0.000000000000000000e+00
8.530000000000000000e+02 2.386222156203431496e+03 1.357114898524319990e+01 8.650319288416270791e-02 4.601011601548802510e+00 0.000000000000000000e+00 0.000000000000000000e+00
8.540000000000000000e+02 2.378611913387250297e+03 1.369002406269802563e+01 8.654675369385492201e-02 6.240592997195416380e+00 0.000000000000000000e+00 0.000000000000000000e+00
8.550000000000000000e+02 2.370850650377738930e+03 1.381441874019175664e+01 8.658870730283259320e-02 7.864052280075710222e+00 0.000000000000000000e+00 0.000000000000000000e+00
8.560000000000000000e+02 2.362926123996946899e+03 1.394426379561454077e+01 8.662904628388237716e-02 9.470942762651617386e+00 0.000000000000000000e+00 0.000000000000000000e+00
8.570000000000000000e+02 2.354857367667952076e+03 1.407936521770903227e+01 8.666777079406531858e-02 1.106078134842908689e+01 0.000000000000000000e+00 0.000000000000000000e+00
8.580000000000000000e+02 2.346644559874203424e+03 1.421977741019265906e+01 8.670487452616527924e-02 1.263302452848050628e+01 0.000000000000000000e+00 0.000000000000000000e+00
8.590000000000000000e+02 2.338288081333501850e+03 1.436536746797443875e+01 8.674035877816613227e-02 1.418694425401261050e+01 0.000000000000000000e+00 0.000000000000000000e+00
8.600000000000000000e+02 2.329788220318710046e+03 1.451618927342938470e+01 8.677421838985133196e-02 1.572181480125136588e+01 0.000000000000000000e+00 0.000000000000000000e+00
8.610000000000000000e+02 2.321151539651069470e+03 1.467217208196269418e+01 8.680645577722130579e-02 1.723685027143562110e+01 0.000000000000000000e+00 0.000000000000000000e+00
8.620000000000000000e+02 2.312372087491910406e+03 1.483324465801821290e+01 8.683706695199214232e-02 1.873126579355532328e+01 0.000000000000000000e+00 0.000000000000000000e+00
8.630000000000000000e+02 2.303462640508858840e+03 1.499952144101395390e+01 8.686605547285693174e-02 2.020434126208969516e+01 0.000000000000000000e+00 0.000000000000000000e+00
8.640000000000000000e+02 2.294417300879973936e+03 1.517086895103562227e+01 8.689341859361644771e-02 2.165523387380996567e+01 0.000000000000000000e+00 0.000000000000000000e+00
8.650000000000000000e+02 2.285236409243907019e+03 1.534727773326875599e+01 8.691916104516436703e-02 2.308335056512621719e+01 0.000000000000000000e+00 0.000000000000000000e+00
8.660000000000000000e+02 2.275932692158718964e+03 1.552867570194224989e+01 8.694328136187302880e-02 2.448834371339036409e+01 0.000000000000000000e+00 0.000000000000000000e+00
8.670000000000000000e+02 2.266494105846725688e+03 1.571499113101939926e+01 8.696578544242868081e-02 2.587017665540846423e+01 0.000000000000000000e+00 0.000000000000000000e+00
8.680000000000000000e+02 2.256927219149027223e+03 1.590609035247979364e+01 8.698667307726241915e-02 2.722850332489104375e+01 0.000000000000000000e+00 0.000000000000000000e+00
8.690000000000000000e+02 2.247238551566040314e+03 1.610190112649491567e+01 8.700595139954700463e-02 2.856328970584833371e+01 0.000000000000000000e+00 0.000000000000000000e+00
8.700000000000000000e+02 2.237422267945402837e+03 1.630241255678894419e+01 8.702362142473080153e-02 2.987425360813365316e+01 0.000000000000000000e+00 0.000000000000000000e+00
8.710000000000000000e+02 2.227484909789357062e+03 1.650742871331058836e+01 8.703969148220941365e-02 3.116129975392086138e+01 0.000000000000000000e+00 0.000000000000000000e+00
8.720000000000000000e+02 2.217433048406249782e+03 1.671687764145620747e+01 8.705416379577313180e-02 3.242421109955588321e+01 0.000000000000000000e+00 0.000000000000000000e+00
8.730000000000000000e+02 2.207260822299387200e+03 1.693062458026745887e+01 8.706704785795017776e-02 3.366246385739272995e+01 0.000000000000000000e+00 0.000000000000000000e+00
8.740000000000000000e+02 2.196980978852372118e+03 1.714865816738260662e+01 8.707834705074830872e-02 3.487565988064727662e+01 0.000000000000000000e+00 0.000000000000000000e+00
8.750000000000000000e+02 2.186593839217881850e+03 1.737084359721021087e+01 8.708807203754014015e-02 3.606321632174244485e+01 0.000000000000000000e+00 0.000000000000000000e+00
8.760000000000000000e+02 2.176105965320756241e+03 1.759704694475044207e+01 8.709622730116722833e-02 3.722473830117041871e+01 0.000000000000000000e+00 0.000000000000000000e+00
8.770000000000000000e+02 2.165517676182465038e+03 1.782713321595473843e+01 8.710282464268814806e-02 3.835958458675733596e+01 0.000000000000000000e+00 0.000000000000000000e+00
8.780000000000000000e+02 2.154847805528760091e+03 1.806102924598359749e+01 8.710786956472768572e-02 3.946742527034547265e+01 0.000000000000000000e+00 0.000000000000000000e+00
8.790000000000000000e+02 2.144084387939108638e+03 1.829866150429008798e+01 8.711137502049461079e-02 4.054768346000960122e+01 0.000000000000000000e+00 0.000000000000000000e+00
8.800000000000000000e+02 2.133240167097153062e+03 1.853989513188928129e+01 8.711334754180499740e-02 4.159997061358880188e+01 0.000000000000000000e+00 0.000000000000000000e+00
8.810000000000000000e+02 2.122309307869808435e+03 1.878465634653364447e+01 8.711380116181574595e-02 4.262383657348586041e+01 0.000000000000000000e+00 0.000000000000000000e+00
8.820000000000000000e+02 2.111304495403906913e+03 1.903293298429550973e+01 8.711274345906407091e-02 4.361889616458176278e+01 0.000000000000000000e+00 0.000000000000000000e+00
8.830000000000000000e+02 2.100219965951792346e+03 1.928452769820594526e+01 8.711018953210426796e-02 4.458464177135571305e+01 0.000000000000000000e+00 0.000000000000000000e+00
8.840000000000000000e+02 2.089056119612760995e+03 1.953948966577346624e+01 8.710614795145082967e-02 4.552075295800985089e+01 0.000000000000000000e+00 0.000000000000000000e+00
8.850000000000000000e+02 2.077819488724590428e+03 1.979768312647950879e+01 8.710063489831930406e-02 4.642672664338603283e+01 0.000000000000000000e+00 0.000000000000000000e+00
8.860000000000000000e+02 2.066510438424306813e+03 2.005897251164796202e+01 8.709365998166077039e-02 4.730224548077860902e+01 0.000000000000000000e+00 0.000000000000000000e+00
8.870000000000000000e+02 2.055129345682147232e+03 2.032334482736002101e+01 8.708524046526264217e-02 4.814717687820813552e+01 0.000000000000000000e+00 0.000000000000000000e+00
8.880000000000000000e+02 2.043688912204688677e+03 2.059066419811114912e+01 8.707538699118448633e-02 4.896144921061070932e+01 0.000000000000000000e+00 0.000000000000000000e+00
8.890000000000000000e+02 2.032177207818796205e+03 2.086073418568520310e+01 8.706411786621946758e-02 4.974511604680156296e+01 0.000000000000000000e+00 0.000000000000000000e+00
8.900000000000000000e+02 2.020613035226662987e+03 2.113354121902525051e+01 8.705144474339029936e-02 5.049798650942572920e+01 0.000000000000000000e+00 0.000000000000000000e+00
8.910000000000000000e+02 2.008990630410683480e+03 2.140894946953790878e+01 8.703738690818159374e-02 5.122011755104843189e+01 0.000000000000000000e+00 0.000000000000000000e+00
8.920000000000000000e+02 1.997316542527430784e+03 2.168682266357800970e+01 8.702195700897796815e-02 5.191138182517717325e+01 0.000000000000000000e+00 0.000000000000000000e+00
8.930000000000000000e+02 1.985591119436473036e+03 2.196708712563927079e+01 8.700517534864600500e-02 5.257177775425891042e+01 0.000000000000000000e+00 0.000000000000000000e+00
8.940000000000000000e+02 1.973827025811839576e+03 2.224948396400894168e+01 8.698705549965320138e-02 5.320118190159974603e+01 0.000000000000000000e+00 0.000000000000000000e+00
8.950000000000000000e+02 1.962012371491270642e+03 2.253406125405216542e+01 8.696761872899334833e-02 5.379941211082208241e+01 0.000000000000000000e+00 0.000000000000000000e+00
8.960000000000000000e+02 1.950165941197240500e+03 2.282056038569450607e+01 8.694687947576587583e-02 5.436646998339276138e+01 0.000000000000000000e+00 0.000000000000000000e+00
8.970000000000000000e+02 1.938281979651927486e+03 2.310890727951529300e+01 8.692485992341913992e-02 5.490217601190549601e+01 0.000000000000000000e+00 0.000000000000000000e+00
8.980000000000000000e+02 1.926366977254814856e+03 2.339896598791534998e+01 8.690157533582398841e-02 5.540641313876397334e+01 0.000000000000000000e+00 0.000000000000000000e+00
8.990000000000000000e+02 1.914427429795470971e+03 2.369053974470475410e+01 8.687704873752431778e-02 5.587912700111127151e+01 0.000000000000000000e+00 0.000000000000000000e+00
9.000000000000000000e+02 1.902463724842209331e+03 2.398361520004712233e+01 8.685129618658592177e-02 5.632014205553318931e+01 0.000000000000000000e+00 0.000000000000000000e+00
9.010000000000000000e+02 1.890476270696054598e+03 2.427793456449619924e+01 8.682434151547634149e-02 5.672940613402789722e+01 0.000000000000000000e+00 0.000000000000000000e+00
9.020000000000000000e+02 1.878477601284886987e+03 2.457348420154454516e+01 8.679620150256031619e-02 5.710686846331397959e+01 0.000000000000000000e+00 0.000000000000000000e+00
9.030000000000000000e+02 1.866468109298840773e+03 2.487012835873972350e+01 8.676690073348190813e-02 5.745235730649388728e+01 0.000000000000000000e+00 0.000000000000000000e+00
9.040000000000000000e+02 1.854448160760141491e+03 2.516773203471186449e+01 8.673645670420450371e-02 5.776588535416480852e+01 0.000000000000000000e+00 0.000000000000000000e+00
9.050000000000000000e+02 1.842424280509151458e+03 2.546615919586119148e+01 8.670489471082143407e-02 5.804734522703654420e+01 0.000000000000000000e+00 0.000000000000000000e+00
9.060000000000000000e+02 1.830396764557219285e+03 2.576539658547789458e+01 8.667223293965388431e-02 5.829663144093190397e+01 0.000000000000000000e+00 0.000000000000000000e+00
9.070000000000000000e+02 1.818378178790487254e+03 2.606518749411569402e+01 8.663849734542126979e-02 5.851370060776787341e+01 0.000000000000000000e+00 0.000000000000000000e+00
9.080000000000000000e+02 1.806362775444101999e+03 2.636545732972190592e+01 8.660370680742035532e-02 5.869863159574704525e+01 0.000000000000000000e+00 0.000000000000000000e+00
9.090000000000000000e+02 1.794357060832717934e+03 2.666619230990835732e+01 8.656788786368233013e-02 5.885144399150653527e+01 0.000000000000000000e+00 0.000000000000000000e+00
9.100000000000000000e+02 1.782361374787268687e+03 2.696719646970273487e+01 8.653106003587396344e-02 5.897221968761974153e+01 0.000000000000000000e+00 0.000000000000000000e+00
9.110000000000000000e+02 1.770382132937401821e+03 2.726833544645751317e+01 8.649325048928967197e-02 5.906104162667440249e+01 0.000000000000000000e+00 0.000000000000000000e+00
9.120000000000000000e+02 1.758425720828978683e+03 2.756953462568530711e+01 8.645447930413388549e-02 5.911799438598438172e+01 0.000000000000000000e+00 0.000000000000000000e+00
9.130000000000000000e+02 1.746492526984131700e+03 2.787071976944334750e+01 8.641477420811398413e-02 5.914316449990657532e+01 0.000000000000000000e+00 0.000000000000000000e+00
9.140000000000000000e+02 1.734582935435665149e+03 2.817169560021739372e+01 8.637415584862520590e-02 5.913657891694979440e+01 0.000000000000000000e+00 0.000000000000000000e+00
9.150000000000000000e+02 1.722697239620457367e+03 2.847238811052873331e+01 8.633265251588280453e-02 5.909838709214987773e+01 0.000000000000000000e+00 0.000000000000000000e+00
9.160000000000000000e+02 1.710847926977595762e+03 2.877272317860586526e+01 8.629028533039956317e-02 5.902874010059617405e+01 0.000000000000000000e+00 0.000000000000000000e+00
9.170000000000000000e+02 1.699029286157470096e+03 2.907244548020916852e+01 8.624708315810553083e-02 5.892766872824241631e+01 0.000000000000000000e+00 0.000000000000000000e+00
9.180000000000000000e+02 1.687241684776318152e+03 2.937154223294792743e+01 8.620306755911251451e-02 5.879544798436069186e+01 0.000000000000000000e+00 0.000000000000000000e+00
9.190000000000000000e+02 1.675497504582077681e+03 2.966981818138117788e+01 8.615826788926356228e-02 5.863211156879031449e+01 0.000000000000000000e+00 0.000000000000000000e+00
9.200000000000000000e+02 1.663797090645973640e+03 2.996720034857943560e+01 8.611270604014326091e-02 5.843781690203752532e+01 0.000000000000000000e+00 0.000000000000000000e+00
9.210000000000000000e+02 1.652134745676156854e+03 3.026349433279872514e+01 8.606641186856328618e-02 5.821272094389359353e+01 0.000000000000000000e+00 0.000000000000000000e+00
9.220000000000000000e+02 1.640522876543691154e+03 3.055862717949688090e+01 8.601940757069942434e-02 5.795716355043277446e+01 0.000000000000000000e+00 0.000000000000000000e+00
9.230000000000000000e+02 1.628967813335122628e+03 3.085252469066159620e+01 8.597172342066075612e-02 5.767136394672286315e+01 0.000000000000000000e+00 0.000000000000000000e+00
9.240000000000000000e+02 1.617457803828544911e+03 3.114505406214449934e+01 8.592338189150566796e-02 5.735566435509304739e+01 0.000000000000000000e+00 0.000000000000000000e+00
9.250000000000000000e+02 1.606011286357841527e+03 3.143602151708369163e+01 8.587441361811695706e-02 5.701034622125158791e+01 0.000000000000000000e+00 0.000000000000000000e+00
9.260000000000000000e+02 1.594622513741870989e+03 3.172541498508250157e+01 8.582484131699782970e-02 5.663581348217672229e+01 0.000000000000000000e+00 0.000000000000000000e+00
9.270000000000000000e+02 1.583297786933163707e+03 3.201304042570209418e+01 8.577469591550182515e-02 5.623229018966853232e+01 0.000000000000000000e+00 0.000000000000000000e+00
9.280000000000000000e+02 1.572043446441046854e+03 3.229888575895554226e+01 8.572400034146314407e-02 5.580012191928987164e+01 0.000000000000000000e+00 0.000000000000000000e+00
9.290000000000000000e+02 1.560859748978641619e+03 3.258275832478097556e+01 8.567278577766392067e-02 5.533959513915675643e+01 0.000000000000000000e+00 0.000000000000000000e+00
9.300000000000000000e+02 1.549747045145384845e+03 3.286452572893392698e+01 8.562107531724227893e-02 5.485093689414887308e+01 0.000000000000000000e+00 0.000000000000000000e+00
9.310000000000000000e+02 1.538705566725025619e+03 3.314411601481445047e+01 8.556890033518582683e-02 5.433443665640040621e+01 0.000000000000000000e+00 0.000000000000000000e+00
9.320000000000000000e+02 1.527747639285247715e+03 3.342139662590805926e+01 8.551628405941291700e-02 5.379032306195768598e+01 0.000000000000000000e+00 0.000000000000000000e+00
9.330000000000000000e+02 1.516867461607979067e+03 3.369629658157557373e+01 8.546325799158099867e-02 5.321894786424793722e+01 0.000000000000000000e+00 0.000000000000000000e+00
9.340000000000000000e+02 1.506071377194270326e+03 3.396856369706129186e+01 8.540984545256401217e-02 5.262048203704018334e+01 0.000000000000000000e+00 0.000000000000000000e+00
9.350000000000000000e+02 1.495359598931287110e+03 3.423818800052970346e+01 8.535607803807283844e-02 5.199527951026710326e+01 0.000000000000000000e+00 0.000000000000000000e+00
9.360000000000000000e+02 1.484732431730338703e+03 3.450497704975916236e+01 8.530197908436740195e-02 5.134363251339910050e+01 0.000000000000000000e+00 0.000000000000000000e+00
9.370000000000000000e+02 1.474196072334010069e+03 3.476892066847566554e+01 8.524758020420740434e-02 5.066595620267613498e+01 0.000000000000000000e+00 0.000000000000000000e+00
9.380000000000000000e+02 1.463750778688636501e+03 3.502988730649090598e+01 8.519290464874594571e-02 4.996254499140209759e+01 0.000000000000000000e+00 0.000000000000000000e+00
9.390000000000000000e+02 1.453402785339067577e+03 3.528774802905542884e+01 8.513798403053009223e-02 4.923381538500306220e+01 0.000000000000000000e+00 0.000000000000000000e+00
9.400000000000000000e+02 1.443146312919771617e+03 3.554231196616907340e+01 8.508284152484922591e-02 4.848012372119030999e+01 0.000000000000000000e+00 0.000000000000000000e+00
9.410000000000000000e+02 1.432993586313607011e+03 3.579362915997116090e+01 8.502750863732731756e-02 4.770176884799452210e+01 0.000000000000000000e+00 0.000000000000000000e+00
9.420000000000000000e+02 1.422938811269563757e+03 3.604150983602814051e+01 8.497200841940830141e-02 4.689916910962217145e+01 0.000000000000000000e+00 0.000000000000000000e+00
9.430000000000000000e+02 1.412988201010710100e+03 3.628582541621943847e+01 8.491637222041027722e-02 4.607274313978628300e+01 0.000000000000000000e+00 0.000000000000000000e+00
9.440000000000000000e+02 1.403141953030903323e+03 3.652656598614351680e+01 8.486062289706390593e-02 4.522297060644581990e+01 0.000000000000000000e+00 0.000000000000000000e+00
9.450000000000000000e+02 1.393406247105376451e+03 3.676360210295928255e+01 8.480479160709550324e-02 4.435021210879643405e+01 0.000000000000000000e+00 0.000000000000000000e+00
9.460000000000000000e+02 1.383775283398797455e+03 3.699686597402376265e+01 8.474890101006336829e-02 4.345494868015388334e+01 0.000000000000000000e+00 0.000000000000000000e+00
9.470000000000000000e+02 1.374261205057390043e+03 3.722616949794709029e+01 8.469298203822610283e-02 4.253766106268533065e+01 0.000000000000000000e+00 0.000000000000000000e+00
9.480000000000000000e+02 1.364858225990868505e+03 3.745156372703391412e+01 8.463705708612845324e-02 4.159877254197167673e+01 0.000000000000000000e+00 0.000000000000000000e+00
9.490000000000000000e+02 1.355566511128858565e+03 3.767292027110232056e+01 8.458115679639896523e-02 4.063864622132253857e+01 0.000000000000000000e+00 0.000000000000000000e+00
9.500000000000000000e+02 1.346398156697648346e+03 3.789011296588022759e+01 8.452530328092947021e-02 3.965788524596206344e+01 0.000000000000000000e+00 0.000000000000000000e+00
9.510000000000000000e+02 1.337347330101220905e+03 3.810301451458114741e+01 8.446952682534454582e-02 3.865679336358918050e+01 0.000000000000000000e+00 0.000000000000000000e+00
9.520000000000000000e+02 1.328414217585719598e+03 3.831161773647480828e+01 8.441384918111106972e-02 3.763591520420253289e+01 0.000000000000000000e+00 0.000000000000000000e+00
9.530000000000000000e+02 1.319604937316498308e+03 3.851579541665245188e+01 8.435830025528466558e-02 3.659561507823411119e+01 0.000000000000000000e+00 0.000000000000000000e+00
9.540000000000000000e+02 1.310913649976889474e+03 3.871548227145708410e+01 8.430290137915900928e-02 3.553643718521920647e+01 0.000000000000000000e+00 0.000000000000000000e+00
9.550000000000000000e+02 1.302352364625061000e+03 3.891055230222362127e+01 8.424768204549488992e-02 3.445880639412722957e+01 0.000000000000000000e+00 0.000000000000000000e+00
9.560000000000000000e+02 1.293915262650712748e+03 3.910094006496868957e+01 8.419266312289587495e-02 3.336320911869015049e+01 0.000000000000000000e+00 0.000000000000000000e+00
9.570000000000000000e+02 1.285608419375904532e+03 3.928657962733619513e+01 8.413787363555359777e-02 3.225013049447625235e+01 0.000000000000000000e+00 0.000000000000000000e+00
9.580000000000000000e+02 1.277426024161056148e+03 3.946746537231508256e+01 8.408333393586454874e-02 3.112023386360022315e+01 0.000000000000000000e+00 0.000000000000000000e+00
9.590000000000000000e+02 1.269374078293704542e+03 3.964347242890202239e+01 8.402907255077805837e-02 2.997412300850115585e+01 0.000000000000000000e+00 0.000000000000000000e+00
9.600000000000000000e+02 1.261458613638959832e+03 3.981465526087205120e+01 8.397510930720011868e-02 2.881234380118769067e+01 0.000000000000000000e+00 0.000000000000000000e+00
9.610000000000000000e+02 1.253673776210502638e+03 3.998083036060965156e+01 8.392147224080086232e-02 2.763544186106309652e+01 0.000000000000000000e+00 0.000000000000000000e+00
9.620000000000000000e+02 1.246025584377070800e+03 4.014205247230458440e+01 8.386818063160485226e-02 2.644408030502114926e+01 0.000000000000000000e+00 0.000000000000000000e+00
9.630000000000000000e+02 1.238514089743909835e+03 4.029825763228578950e+01 8.381526201495195783e-02 2.523886397451147090e+01 0.000000000000000000e+00 0.000000000000000000e+00
9.640000000000000000e+02 1.231139381827754278e+03 4.044932264555013290e+01 8.376273504516609791e-02 2.402022060171719531e+01 0.000000000000000000e+00 0.000000000000000000e+00
9.650000000000000000e+02 1.223901506338235095e+03 4.059530354957063736e+01 8.371062672047535624e-02 2.278869666026125174e+01 0.000000000000000000e+00 0.000000000000000000e+00
9.660000000000000000e+02 1.216800520478516319e+03 4.073601835130246940e+01 8.365895504864206966e-02 2.154483770729492420e+01 0.000000000000000000e+00 0.000000000000000000e+00
9.670000000000000000e+02 1.209842367056612829e+03 4.087146422629435705e+01 8.360774645051244347e-02 2.028918957334934703e+01 0.000000000000000000e+00 0.000000000000000000e+00
9.680000000000000000e+02 1.203021177847175977e+03 4.100157869001728272e+01 8.355701825909171709e-02 1.902223935885806583e+01 0.000000000000000000e+00 0.000000000000000000e+00
9.690000000000000000e+02 1.196342869229656117e+03 4.112630032720556983e+01 8.350679628999184423e-02 1.774453380661936563e+01 0.000000000000000000e+00 0.000000000000000000e+00
9.700000000000000000e+02 1.189807480148446530e+03 4.124550810541214219e+01 8.345709707934410859e-02 1.645655910292848745e+01 0.000000000000000000e+00 0.000000000000000000e+00
9.710000000000000000e+02 1.183409134475445626e+03 4.135931794333640710e+01 8.340794583866720235e-02 1.515892004081790922e+01 0.000000000000000000e+00 0.000000000000000000e+00
9.720000000000000000e+02 1.177153753826213006e+03 4.146755093917836632e+01 8.335935827680718280e-02 1.385222079600079859e+01 0.000000000000000000e+00 0.000000000000000000e+00
9.730000000000000000e+02 1.171041253550626152e+03 4.157020542243741801e+01 8.331135898571664922e-02 1.253694796490928809e+01 0.000000000000000000e+00 0.000000000000000000e+00
9.740000000000000000e+02 1.165077570392997814e+03 4.166733908423811528e+01 8.326396280744079170e-02 1.121370502886873055e+01 0.000000000000000000e+00 0.000000000000000000e+00
9.750000000000000000e+02 1.159250918670413512e+03 4.175877349372866831e+01 8.321719362835755529e-02 9.883154775862015740e+00 0.000000000000000000e+00 0.000000000000000000e+00
9.760000000000000000e+02 1.153567170064374068e+03 4.184462675744165239e+01 8.317106547476019185e-02 8.545722945153146455e+00 0.000000000000000000e+00 0.000000000000000000e+00
9.770000000000000000e+02 1.148032126122570617e+03 4.192472096954793415e+01 8.312560149892633810e-02 7.202131244277900635e+00 0.000000000000000000e+00 0.000000000000000000e+00
9.780000000000000000e+02 1.142639902895633668e+03 4.199917387046841100e+01 8.308081489289576016e-02 5.852804832770674537e+00 0.000000000000000000e+00 0.000000000000000000e+00
9.790000000000000000e+02 1.137390450330010481e+03 4.206792664043318553e+01 8.303672802775022288e-02 4.498369926445468181e+00 0.000000000000000000e+00 0.000000000000000000e+00
9.800000000000000000e+02 1.132289572321163632e+03 4.213086215551980018e+01 8.299335324419787607e-02 3.139345439544090954e+00 0.000000000000000000e+00 0.000000000000000000e+00
9.810000000000000000e+02 1.127331349715110491e+03 4.218815752428911026e+01 8.295071209325903527e-02 1.776274214463102963e+00 0.000000000000000000e+00 0.000000000000000000e+00
9.820000000000000000e+02 1.122515735012517780e+03 4.223963661533733926e+01 8.290881610042451222e-02 4.097037901452179609e-01 0.000000000000000000e+00 0.000000000000000000e+00
9.830000000000000000e+02 1.117842668859832202e+03 4.228541898406903954e+01 8.286768599070458430e-02 -9.598180345339722974e-01 0.000000000000000000e+00 0.000000000000000000e+00
9.840000000000000000e+02 1.113317869526639015e+03 4.232538837366792706e+01 8.282733246227971802e-02 -2.331762447786499770e+00 0.000000000000000000e+00 0.000000000000000000e+00
9.850000000000000000e+02 1.108935438931266390e+03 4.235954739151231507e+01 8.278777535875125881e-02 -3.705622019196097128e+00 0.000000000000000000e+00 0.000000000000000000e+00
9.860000000000000000e+02 1.104695260160293856e+03 4.238789736708698541e+01 8.274902451096494138e-02 -5.080898371752234688e+00 0.000000000000000000e+00 0.000000000000000000e+00
9.870000000000000000e+02 1.100603098890597948e+03 4.241044152336179707e+01 8.271109887559338625e-02 -6.457103666540513487e+00 0.000000000000000000e+00 0.000000000000000000e+00
9.880000000000000000e+02 1.096652952486024560e+03 4.242706489136219261e+01 8.267400735459891348e-02 -7.833744155408366439e+00 0.000000000000000000e+00 0.000000000000000000e+00
9.890000000000000000e+02 1.092844780262615814e+03 4.243788861318205363e+01 8.263776799150954200e-02 -9.210328059261282618e+00 0.000000000000000000e+00 0.000000000000000000e+00
9.900000000000000000e+02 1.089178421811243879e+03 4.244274036755974322e+01 8.260238872639662222e-02 -1.058631541122524666e+01 0.000000000000000000e+00 0.000000000000000000e+00
9.910000000000000000e+02 1.085653733579067193e+03 4.244168248173745894e+01 8.256788663941455608e-02 -1.196129730426237536e+01 0.000000000000000000e+00 0.000000000000000000e+00
9.920000000000000000e+02 1.082276424089737475e+03 4.243477762174338608e+01 8.253426867086910423e-02 -1.333461866577532362e+01 0.000000000000000000e+00 0.000000000000000000e+00
9.930000000000000000e+02 1.079034661362555198e+03 4.242191331142211652e+01 8.250155088771105039e-02 -1.470574415008992197e+01 0.000000000000000000e+00 0.000000000000000000e+00
9.940000000000000000e+02 1.075940004752356572e+03 4.240321108368011949e+01 8.246973925892603363e-02 -1.607402016194172489e+01 0.000000000000000000e+00 0.000000000000000000e+00
9.950000000000000000e+02 1.072980588380679819e+03 4.237867543427801564e+01 8.243884881317055380e-02 -1.743897053263741626e+01 0.000000000000000000e+00 0.000000000000000000e+00
9.960000000000000000e+02 1.070162108158855290e+03 4.234831225606328786e+01 8.240888452399083852e-02 -1.879994347503800967e+01 0.000000000000000000e+00 0.000000000000000000e+00
9.970000000000000000e+02 1.067484350314695121e+03 4.231206942252291725e+01 8.237986038324035531e-02 -2.015640607126631778e+01 0.000000000000000000e+00 0.000000000000000000e+00
9.980000000000000000e+02 1.064947167102369804e+03 4.227001122892434637e+01 8.235178036937769452e-02 -2.150776765685115066e+01 0.000000000000000000e+00 0.000000000000000000e+00
9.990000000000000000e+02 1.062544490485890037e+03 4.222220165275211912e+01 8.232465735506114268e-02 -2.285332222161128257e+01 0.000000000000000000e+00 0.000000000000000000e+00
1.000000000000000000e+03 1.060282057754675407e+03 4.216858978114489531e+01 8.229849435062433494e-02 -2.419254011001885374e+01 0.000000000000000000e+00 0.000000000000000000e+00
1.001000000000000000e+03 1.058147940813302739e+03 4.210918305275591678e+01 8.227330310505161226e-02 -2.552477558104767397e+01 0.000000000000000000e+00 0.000000000000000000e+00
1.002000000000000000e+03 1.056153636465880936e+03 4.204398884682007775e+01 8.224908561872322499e-02 -2.684938580928514540e+01 0.000000000000000000e+00 0.000000000000000000e+00
1.003000000000000000e+03 1.054287270160959906e+03 4.197301471313203081e+01 8.222585249677288877e-02 -2.816572786469730971e+01 0.000000000000000000e+00 0.000000000000000000e+00
1.004000000000000000e+03 1.052554508776928742e+03 4.189626923677521830e+01 8.220360466351495088e-02 -2.947321956878517213e+01 0.000000000000000000e+00 0.000000000000000000e+00
1.005000000000000000e+03 1.050943503323332379e+03 4.181376077578591577e+01 8.218235163057324710e-02 -3.077127858821900830e+01 0.000000000000000000e+00 0.000000000000000000e+00
1.006000000000000000e+03 1.049465664918295715e+03 4.172561359941305170e+01 8.216209315758632448e-02 -3.205949842335179056e+01 0.000000000000000000e+00 0.000000000000000000e+00
1.007000000000000000e+03 1.048109142460737530e+03 4.163195158600517942e+01 8.214283771142173729e-02 -3.333758679470207653e+01 0.000000000000000000e+00 0.000000000000000000e+00
1.008000000000000000e+03 1.046879526647893044e+03 4.153289943608037760e+01 8.212458396494884405e-02 -3.460531154566236722e+01 0.000000000000000000e+00 0.000000000000000000e+00
1.009000000000000000e+03 1.045776588066366457e+03 4.142858092254016356e+01 8.210733939208436638e-02 -3.586226689115775912e+01 0.000000000000000000e+00 0.000000000000000000e+00
1.010000000000000000e+03 1.044788472945807825e+03 4.131917922168651813e+01 8.209110164513593044e-02 -3.710816585700450077e+01 0.000000000000000000e+00 0.000000000000000000e+00
1.011000000000000000e+03 1.043926610902113907e+03 4.120470221983919146e+01 8.207587732712059991e-02 -3.834266191638398880e+01 0.000000000000000000e+00 0.000000000000000000e+00
1.012000000000000000e+03 1.043179111918487479e+03 4.108533354109480484e+01 8.206166311083262777e-02 -3.956552612883324116e+01 0.000000000000000000e+00 0.000000000000000000e+00
1.013000000000000000e+03 1.042545755859054225e+03 4.096102431353639872e+01 8.204846477013452710e-02 -4.077635815936024954e+01 0.000000000000000000e+00 0.000000000000000000e+00
1.014000000000000000e+03 1.042037842170361955e+03 4.083178573808191913e+01 8.203627801963934985e-02 -4.197464345334921632e+01 0.000000000000000000e+00 0.000000000000000000e+00
1.015000000000000000e+03 1.041637763009574428e+03 4.069751261749544824e+01 8.202510778787680534e-02 -4.316004117654117067e+01 0.000000000000000000e+00 0.000000000000000000e+00
1.016000000000000000e+03 1.041356791956904544e+03 4.055827450282694713e+01 8.201494876970019665e-02 -4.433215384143153415e+01 0.000000000000000000e+00 0.000000000000000000e+00
1.017000000000000000e+03 1.041194644564678129e+03 4.041390938377751496e+01 8.200580493506551272e-02 -4.549058551532854722e+01 0.000000000000000000e+00 0.000000000000000000e+00
1.018000000000000000e+03 1.041139538098346520e+03 4.026442983205878079e+01 8.199766988295217884e-02 -4.663488370474492228e+01 0.000000000000000000e+00 0.000000000000000000e+00
1.019000000000000000e+03 1.041196942792011441e+03 4.010990574701386890e+01 8.199054652372823881e-02 -4.776465542565671996e+01 0.000000000000000000e+00 0.000000000000000000e+00
1.020000000000000000e+03 1.041366580961858290e+03 3.995029079486643298e+01 8.198442731606481182e-02 -4.887927796719610285e+01 0.000000000000000000e+00 0.000000000000000000e+00
1.021000000000000000e+03 1.041642318769111171e+03 3.978588532609956729e+01 8.197931409707034933e-02 -4.997819009436778970e+01 0.000000000000000000e+00 0.000000000000000000e+00
1.022000000000000000e+03 1.042024006487027009e+03 3.961670081296141888e+01 8.197519819318414835e-02 -5.106083183974966744e+01 0.000000000000000000e+00 0.000000000000000000e+00
1.023000000000000000e+03 1.042499768548577777e+03 3.944292280530562778e+01 8.197208051745628887e-02 -5.212652919105797622e+01 0.000000000000000000e+00 0.000000000000000000e+00
1.024000000000000000e+03 1.043080881513011263e+03 3.926467786762791690e+01 8.196995126350484218e-02 -5.317478407993785083e+01 0.000000000000000000e+00 0.000000000000000000e+00
